customer_key,entity_type,full_name,first_name,middle_name,last_name,business_name,trading_name,other_names,date_of_birth,gender,tax_id,nzbn,street,suburb,city,postcode,email,all_emails,phones,customer_status,customer_since,kyc_verified,aml_risk,pep,num_accounts,total_deposits_nzd,total_lending_nzd,products,in_totara,in_harbourside,n_records,name_source,address_source,source_records,review_reasons
H:HB-10009,PERSON,Hamish Brown,Hamish,,Brown,,,,1999-12-05,M,136727324,,87 Harbour Place,Chartwell,Hamilton,3210,hamish.brown@xtra.co.nz,hamish.brown@xtra.co.nz,0295848052,Dormant,2019-09-08,false,High,false,4,84324.43,3500.00,Everyday,false,true,1,H:HB-10009,H:HB-10009,H:HB-10009,
H:HB-10012,PERSON,Grace Tuilagi,Grace,,Tuilagi,,,,1943-01-22,F,123362096,,129 Rata Drive,Papamoa,Tauranga,3118,grace.tuilagi@xtra.co.nz,grace.tuilagi@xtra.co.nz,0229822941; 077595504,Active,2001-10-09,true,Low,false,2,6490.17,0.00,Savings,false,true,1,H:HB-10012,H:HB-10012,H:HB-10012,
H:HB-10015,PERSON,Andrew Walker,Andrew,,Walker,,,,1992-03-22,M,102270113,,25 Totara Avenue,Frankton,Hamilton,3204,,,0218906520,Active,1995-05-26,true,High,false,4,17548.57,0.00,Term Deposit,false,true,1,H:HB-10015,H:HB-10015,H:HB-10015,
H:HB-10020,PERSON,Mei Paul Faleolo,Mei,Paul,Faleolo,,,,2000-11-01,F,136883194,,104 Station Terrace,Papatoetoe,Auckland,2025,mei.faleolo@xtra.co.nz,mei.faleolo@xtra.co.nz,0279491389; 092547125,Dormant,2024-01-18,false,Low,false,1,9183.87,708276.70,Credit Card; Home Loan; KiwiSaver; Personal Loan; Term Deposit,false,true,1,H:HB-10020,H:HB-10020,H:HB-10020,
H:HB-10022,PERSON,Sarah Jane Fonoti,Sarah,Jane,Fonoti,,,,1993-03-06,F,,,69 Beach Street,Kelburn,Wellington,6012,sarah.fonoti@gmail.com,sarah.fonoti@gmail.com,0222452251; 049912172,Active,1995-12-22,false,Low,false,5,16633.84,0.00,Credit Card; Everyday; Personal Loan; Savings,false,true,1,H:HB-10022,H:HB-10022,H:HB-10022,
H:HB-10028,PERSON,Wiremu Marie Tuhiwai,Wiremu,Marie,Tuhiwai,,,,1971-03-23,M,109478462,,175 Ranui Place,Frankton,Hamilton,3204,wiremu.tuhiwai@xtra.co.nz,wiremu.tuhiwai@xtra.co.nz,0228182361; 075695459,Active,1997-02-22,true,Low,false,3,2953.40,0.00,Term Deposit,false,true,1,H:HB-10028,H:HB-10028,H:HB-10028,
H:HB-10032,PERSON,Daniel Kim,Daniel,,Kim,,,,1983-12-27,M,120748636,,"Unit 10, 46 Kereru Drive",Roslyn,Dunedin,9010,daniel.kim@gmail.com,daniel.kim@gmail.com,0225729992; 039159965,Active,2009-09-04,true,Low,false,1,1034.66,689741.17,Everyday; Home Loan; KiwiSaver; Term Deposit,false,true,1,H:HB-10032,H:HB-10032,H:HB-10032,
H:HB-10033,PERSON,Lucy Mitchell,Lucy,,Mitchell,,,,1954-07-03,F,132435722,,6 Queen Crescent,Chartwell,Hamilton,3210,lucy.mitchell@xtra.co.nz,lucy.mitchell@xtra.co.nz,0299416598; 076548848,Active,2005-04-30,false,Low,false,4,28134.40,12000.00,Everyday; KiwiSaver; Personal Loan,false,true,1,H:HB-10033,H:HB-10033,H:HB-10033,
H:HB-10037,PERSON,Zoe Reid,Zoe,,Reid,,,,1970-05-10,F,123541338,,"Unit 5, 74 Ranui Place",Takapuna,Auckland,0622,zoe.reid@outlook.com,zoe.reid@outlook.com,0273702725; 092656325,Active,2023-10-10,true,Low,false,5,20591.43,3500.00,Everyday; KiwiSaver; Personal Loan; Term Deposit,false,true,1,H:HB-10037,H:HB-10037,H:HB-10037,
H:HB-10046,PERSON,Ruby Ngata,Ruby,,Ngata,,,,2000-02-13,F,130340213,,124 Rata Place,Hillcrest,Hamilton,3216,ruby.ngata@xtra.co.nz,ruby.ngata@xtra.co.nz,0297006884; 077238560,Active,2013-06-23,true,Low,false,4,46717.33,0.00,Savings,false,true,1,H:HB-10046,H:HB-10046,H:HB-10046,
H:HB-10052,PERSON,Victoria Kahu Wang,Victoria,Kahu,Wang,,,,1997-08-05,F,107044179,,150 Kereru Avenue,Mornington,Dunedin,9011,victoria.wang@gmail.com,victoria.wang@gmail.com,0274386563; 038791028,Active,2024-02-21,true,Medium,false,5,52351.15,0.00,Credit Card; Everyday; Personal Loan; Term Deposit,false,true,1,H:HB-10052,H:HB-10052,H:HB-10052,
H:HB-10057,PERSON,Joshua MacLeod,Joshua,,MacLeod,,,,1952-09-23,M,111535710,,"Unit 11, 10 Church Crescent",Papanui,Christchurch,8053,joshua.macleod@xtra.co.nz,joshua.macleod@xtra.co.nz,0223500324; 032137956,Active,2015-06-30,true,Medium,true,4,5549.40,12000.00,Personal Loan; Term Deposit,false,true,1,H:HB-10057,H:HB-10057,H:HB-10057,
H:HB-10065,PERSON,Grace Hughes,Grace,,Hughes,,,,1997-09-16,F,135915760,,95 Manuka Place,Riccarton,Christchurch,8011,grace.hughes@outlook.com,grace.hughes@outlook.com,0226593510; 039753071,Active,1999-09-26,true,Low,false,4,10135.78,0.00,Credit Card; Everyday; KiwiSaver; Personal Loan; Savings,false,true,2,H:HB-10065,H:HB-10065,H:HB-10065; H:HB-11348,
H:HB-10067,PERSON,Andrew Paul Brown,Andrew,Paul,Brown,,,,1973-08-21,M,126758324,,15 Rimu Street,Roslyn,Dunedin,9010,andrew.brown@xtra.co.nz,andrew.brown@xtra.co.nz,0221371318; 032664101,Active,2004-05-14,true,Low,false,3,30339.84,12000.00,KiwiSaver; Personal Loan,false,true,1,H:HB-10067,H:HB-10067,H:HB-10067,
H:HB-10074,PERSON,Jennifer McDonald,Jennifer,,McDonald,,,,1992-07-13,F,125474648,,59 Matai Place,Papatoetoe,Auckland,2025,jennifer.mcdonald@outlook.com,jennifer.mcdonald@outlook.com,0273470514,Active,2003-01-14,true,Low,false,1,9108.37,0.00,KiwiSaver,false,true,1,H:HB-10074,H:HB-10074,H:HB-10074,
H:HB-10082,PERSON,Charlotte John Te Rangi,Charlotte,John,Te Rangi,,,,1941-03-09,F,123391953,,190 Station Street,Newtown,Wellington,6021,,,0214183145; 044498025,Deceased,1999-01-22,true,Medium,false,4,8062.75,377238.22,Home Loan; Personal Loan; Savings,false,true,1,H:HB-10082,H:HB-10082,H:HB-10082,
H:HB-10085,PERSON,David Scott,David,,Scott,,,,1974-01-08,M,117222610,,"Unit 10, 169 Ranui Street",Kelburn,Wellington,6012,david.scott@gmail.com,david.scott@gmail.com,0229152968,Active,1996-03-25,false,Medium,false,4,24262.99,12000.00,Credit Card; Personal Loan; Savings; Term Deposit,false,true,1,H:HB-10085,H:HB-10085,H:HB-10085,
H:HB-10093,PERSON,Matthew Kennedy,Matthew,,Kennedy,,,,2002-11-25,M,139895468,,249 Park Place,Miramar,Wellington,6022,matthew.kennedy@xtra.co.nz,matthew.kennedy@xtra.co.nz,0294910862,Active,2005-12-12,true,Low,false,2,20719.53,0.00,KiwiSaver; Term Deposit,false,true,1,H:HB-10093,H:HB-10093,H:HB-10093,
H:HB-10095,PERSON,Olivia Paul Chen,Olivia,Paul,Chen,,,,1991-08-22,F,118980655,,223 Station Road,Papamoa,Tauranga,3118,olivia.chen@outlook.com,olivia.chen@outlook.com,0298783348,Active,2016-01-16,true,High,false,2,37406.68,3500.00,Everyday; KiwiSaver; Personal Loan; Savings,false,true,1,H:HB-10095,H:HB-10095,H:HB-10095,
H:HB-10097,PERSON,Emily John Anderson,Emily,John,Anderson,,,,1944-01-31,F,109065207,,111 Hill Avenue,Hillcrest,Hamilton,3216,emily.anderson@outlook.com,emily.anderson@outlook.com,0275064688; 079567130,Active,2004-09-20,true,Medium,false,1,326923.55,841227.15,Credit Card; Everyday; Home Loan; KiwiSaver; Personal Loan,false,true,1,H:HB-10097,H:HB-10097,H:HB-10097,
H:HB-10103,PERSON,Thomas Louise Singh,Thomas,Louise,Singh,,,,1998-09-01,M,115535323,,52 Hill Crescent,Miramar,Wellington,6022,thomas.singh@gmail.com,thomas.singh@gmail.com,0214438096,Active,2018-11-19,true,Medium,false,5,49220.57,0.00,KiwiSaver,false,true,1,H:HB-10103,H:HB-10103,H:HB-10103,
H:HB-10108,PERSON,Wei Te Rangi,Wei,,Te Rangi,,,,2002-03-17,M,130558763,,"Unit 7, 226 Park Avenue",Merivale,Christchurch,8014,wei.terangi@xtra.co.nz,wei.terangi@xtra.co.nz,0297990554,Active,2010-07-30,true,Medium,false,4,53327.19,0.00,Credit Card,false,true,1,H:HB-10108,H:HB-10108,H:HB-10108,
H:HB-10110,PERSON,Rahul Anne Tuilagi,Rahul,Anne,Tuilagi,,,,1963-05-15,M,,,90 Manuka Road,Mount Maunganui,Tauranga,3116,rahul.tuilagi@xtra.co.nz,rahul.tuilagi@xtra.co.nz,0292626528,Active,2018-10-16,false,Low,false,3,37028.68,0.00,Credit Card; KiwiSaver; Personal Loan; Term Deposit,false,true,1,H:HB-10110,H:HB-10110,H:HB-10110,
H:HB-10114,PERSON,Anthony Zhang,Anthony,,Zhang,,,Tony Zhang,2006-11-15,M,124230787,,202 Kereru Road,Sumner,Christchurch,8081,anthony.zhang@outlook.com,anthony.zhang@outlook.com,0271756907,Active,1997-04-28,true,Low,false,3,16824.50,505306.60,Credit Card; Everyday; KiwiSaver; Savings; Term Deposit,false,true,2,H:HB-10114,H:HB-10114,H:HB-10114; H:HB-11360,
H:HB-10117,PERSON,Losa Louise Kim,Losa,Louise,Kim,,,,1995-11-14,F,133892401,,130 Kowhai Street,Otumoetai,Tauranga,3110,losa.kim@gmail.com,losa.kim@gmail.com,0215312811,Dormant,2013-10-01,true,Low,false,3,45031.26,0.00,Credit Card; Savings; Term Deposit,false,true,1,H:HB-10117,H:HB-10117,H:HB-10117,
H:HB-10120,PERSON,Michael Hughes,Michael,,Hughes,,,,1955-11-18,M,134570599,,68 Matai Place,Mornington,Dunedin,9011,michael.hughes@outlook.com,michael.hughes@outlook.com,0294180219,Active,1999-07-27,false,Low,false,2,35381.46,3500.00,Personal Loan,false,true,1,H:HB-10120,H:HB-10120,H:HB-10120,
H:HB-10127,PERSON,Tevita Rossi,Tevita,,Rossi,,,,1946-08-11,M,135733894,,77 Albert Terrace,Ponsonby,Auckland,1011,tevita.rossi@outlook.com,tevita.rossi@outlook.com,0293291608,Active,2007-11-30,false,Low,false,4,29614.50,0.00,Term Deposit,false,true,1,H:HB-10127,H:HB-10127,H:HB-10127,
H:HB-10134,PERSON,Lucy Ann Kennedy,Lucy,Ann,Kennedy,,,,1973-10-14,F,107390496,,147 Manuka Crescent,Mount Maunganui,Tauranga,3116,lucy.kennedy@gmail.com,lucy.kennedy@gmail.com,0298580771,Active,2001-10-14,true,Medium,false,4,2908.66,12000.00,Savings,false,true,1,H:HB-10134,H:HB-10134,H:HB-10134,
H:HB-10141,PERSON,Anthony Paul Anderson,Anthony,Paul,Anderson,,,,1996-08-30,M,112257030,,"Unit 3, 87 Pohutukawa Terrace",Chartwell,Hamilton,3210,anthony.anderson@xtra.co.nz,anthony.anderson@xtra.co.nz,0211497428; 073383877,Deceased,2019-08-28,true,High,false,3,1121.55,0.00,Personal Loan; Savings,false,true,1,H:HB-10141,H:HB-10141,H:HB-10141,
H:HB-10150,PERSON,Jessica Robinson,Jessica,,Robinson,,,,1963-10-05,F,115773337,,241 Station Avenue,Frankton,Hamilton,3204,jessica.robinson@gmail.com,jessica.robinson@gmail.com,0214194211; 077185111,Dormant,2013-02-10,true,Low,false,5,1427.22,546180.82,Credit Card; Home Loan,false,true,1,H:HB-10150,H:HB-10150,H:HB-10150,
H:HB-10157,PERSON,Isla Sharma,Isla,,Sharma,,,,1995-01-13,F,108311879,,119 Nikau Street,Onehunga,Auckland,1061,isla.sharma@gmail.com,isla.sharma@gmail.com,0271990134; 095205883,Active,2002-05-09,false,High,false,5,4705.34,3500.00,Everyday; KiwiSaver,false,true,1,H:HB-10157,H:HB-10157,H:HB-10157,
H:HB-10163,PERSON,Thomas Marie Pohatu,Thomas,Marie,Pohatu,,,,1976-02-27,M,100576386,,"Unit 6, 214 Beach Street",Otumoetai,Tauranga,3110,thomas.pohatu@gmail.com,thomas.pohatu@gmail.com,0297732654,Active,1995-05-27,true,Low,false,4,7067.94,0.00,KiwiSaver,false,true,1,H:HB-10163,H:HB-10163,H:HB-10163,
H:HB-10164,PERSON,Rachel Lee Van der Berg,Rachel,Lee,Van der Berg,,,,1947-10-24,F,136079379,,153 Marine Crescent,Mount Maunganui,Tauranga,3116,,,0224348933,Active,2005-07-12,true,Low,false,3,50838.85,241145.17,Credit Card; Home Loan; KiwiSaver,false,true,1,H:HB-10164,H:HB-10164,H:HB-10164,
H:HB-10167,PERSON,Daniel Lee Scott,Daniel,Lee,Scott,,,,1985-02-11,M,118087726,,148 Manuka Drive,Mount Maunganui,Tauranga,3116,daniel.scott@xtra.co.nz,daniel.scott@xtra.co.nz,0298799353,Active,2015-09-13,false,Medium,false,1,8435.85,0.00,Everyday; KiwiSaver; Savings; Term Deposit,false,true,1,H:HB-10167,H:HB-10167,H:HB-10167,
H:HB-10171,PERSON,Michael Young,Michael,,Young,,,,1985-09-05,M,,,70 Rimu Terrace,Papamoa,Tauranga,3118,michael.young@gmail.com,michael.young@gmail.com,0225569454; 079524453,Active,2016-08-21,true,Low,false,2,6379.74,0.00,Personal Loan,false,true,1,H:HB-10171,H:HB-10171,H:HB-10171,
H:HB-10180,PERSON,Stephen James Thompson,Stephen,James,Thompson,,,,1978-02-20,M,108153912,,24 Totara Place,Mount Eden,Auckland,1024,stephen.thompson@gmail.com,stephen.thompson@gmail.com,0291022411,Active,2020-07-01,true,Low,false,5,5326.21,3500.00,Credit Card; Personal Loan; Term Deposit,false,true,1,H:HB-10180,H:HB-10180,H:HB-10180,
H:HB-10183,PERSON,Mateo MacLeod,Mateo,,MacLeod,,,,1965-06-25,M,,,89 Seaview Drive,Papamoa,Tauranga,3118,mateo.macleod@outlook.com,mateo.macleod@outlook.com,0224001133; 074056416,Active,1997-01-31,true,Medium,false,1,18279.73,708641.97,Home Loan; KiwiSaver; Personal Loan; Term Deposit,false,true,1,H:HB-10183,H:HB-10183,H:HB-10183,
H:HB-10192,PERSON,Isla Paul Patel,Isla,Paul,Patel,,,,1944-05-12,F,133560644,,49 Kauri Place,Halswell,Christchurch,8025,isla.patel@xtra.co.nz,isla.patel@xtra.co.nz,0271868717,Active,2023-04-10,true,Low,false,5,1554.87,0.00,Everyday; KiwiSaver; Personal Loan; Savings,false,true,1,H:HB-10192,H:HB-10192,H:HB-10192,
H:HB-10198,PERSON,Luca Lee Williams,Luca,Lee,Williams,,,,2004-01-20,M,117359199,,90 Rimu Street,Riccarton,Christchurch,8011,luca.williams@outlook.com,luca.williams@outlook.com,0291706104; 038117099,Active,2005-01-31,true,Low,false,2,19693.37,600910.55,Home Loan; Personal Loan; Savings; Term Deposit,false,true,1,H:HB-10198,H:HB-10198,H:HB-10198,
H:HB-10203,PERSON,Jennifer Wilson,Jennifer,,Wilson,,,,2000-01-09,F,128711091,,104 Hill Place,Remuera,Auckland,1050,jennifer.wilson@outlook.com,jennifer.wilson@outlook.com,0219862356,Active,1996-12-14,true,Medium,false,3,81805.39,0.00,Everyday; KiwiSaver; Personal Loan; Term Deposit,false,true,1,H:HB-10203,H:HB-10203,H:HB-10203,
H:HB-10207,PERSON,Mateo John Sharma,Mateo,John,Sharma,,,,1994-11-11,M,115505989,,112 Rata Crescent,Papatoetoe,Auckland,2025,,,0277068182,Active,2016-05-05,true,High,false,5,12352.99,3500.00,Everyday,false,true,1,H:HB-10207,H:HB-10207,H:HB-10207,
H:HB-10208,PERSON,Wei Sharma,Wei,,Sharma,,,,1988-01-09,M,131961464,,"Unit 12, 25 Rata Place",Kelburn,Wellington,6012,wei.sharma@xtra.co.nz,wei.sharma@xtra.co.nz,0275485193,Active,2006-03-28,true,High,false,3,3364.88,3500.00,Term Deposit,false,true,1,H:HB-10208,H:HB-10208,H:HB-10208,
H:HB-10213,PERSON,Isla Wilson,Isla,,Wilson,,,,1959-01-28,F,113324588,,173 Rata Crescent,Papamoa,Tauranga,3118,isla.wilson@xtra.co.nz,isla.wilson@xtra.co.nz,0216951692; 076395029,Deceased,2019-08-22,true,Low,false,3,29892.26,156612.00,Everyday; Home Loan; KiwiSaver; Personal Loan; Savings,false,true,1,H:HB-10213,H:HB-10213,H:HB-10213,
H:HB-10221,PERSON,Ananya Lee Ahmed,Ananya,Lee,Ahmed,,,,1988-05-25,F,136422722,,118 Kereru Drive,Newtown,Wellington,6021,ananya.ahmed@gmail.com,ananya.ahmed@gmail.com,0227312127; 045224592,Active,2011-09-26,true,Medium,false,2,6651.17,12000.00,Everyday; Savings; Term Deposit,false,true,1,H:HB-10221,H:HB-10221,H:HB-10221,
H:HB-10227,PERSON,Losa Lee Stewart,Losa,Lee,Stewart,,,,1970-05-15,F,101543664,,13 Ranui Road,Newtown,Wellington,6021,losa.stewart@gmail.com,losa.stewart@gmail.com,0221581579,Active,2008-06-06,false,Low,false,3,5949.05,0.00,Everyday,false,true,1,H:HB-10227,H:HB-10227,H:HB-10227,
H:HB-10230,PERSON,Benjamin Murray,Benjamin,,Murray,,,,1956-10-02,M,,,"Unit 1, 109 Tui Road",Chartwell,Hamilton,3210,benjamin.murray@outlook.com,benjamin.murray@outlook.com,0297848702; 072864977,Active,2003-02-14,false,Medium,false,1,48894.96,3500.00,Everyday,false,true,1,H:HB-10230,H:HB-10230,H:HB-10230,
H:HB-10231,PERSON,Losa Reid,Losa,,Reid,,,,1998-09-09,F,112842912,,58 Seaview Avenue,Mount Maunganui,Tauranga,3116,,,0211385201; 073087322,Active,2005-01-13,true,Medium,false,5,38196.17,235784.83,Credit Card; Home Loan; Personal Loan,false,true,1,H:HB-10231,H:HB-10231,H:HB-10231,
H:HB-10233,PERSON,Rachel Grace Mitchell,Rachel,Grace,Mitchell,,,,1967-12-23,F,129525213,,55 Queen Drive,Papamoa,Tauranga,3118,rachel.mitchell@xtra.co.nz,rachel.mitchell@xtra.co.nz,0223020903; 074369982,Dormant,2001-03-16,false,Medium,false,2,6675.58,12000.00,Personal Loan; Savings,false,true,1,H:HB-10233,H:HB-10233,H:HB-10233,
H:HB-10240,PERSON,Rahul Tuhiwai,Rahul,,Tuhiwai,,,,1975-05-29,M,132703836,,45 Matai Street,St Clair,Dunedin,9012,rahul.tuhiwai@xtra.co.nz,rahul.tuhiwai@xtra.co.nz,0211660308; 033415172,Dormant,1996-07-05,true,Medium,false,2,2995.40,0.00,Savings; Term Deposit,false,true,1,H:HB-10240,H:HB-10240,H:HB-10240,
H:HB-10241,PERSON,Kiri Jane Walker,Kiri,Jane,Walker,,,,1948-09-04,F,127406484,,240 Hill Drive,Roslyn,Dunedin,9010,kiri.walker@xtra.co.nz,kiri.walker@xtra.co.nz,0274965678; 038602678,Active,2023-06-21,false,Medium,false,3,25527.84,12000.00,Term Deposit,false,true,1,H:HB-10241,H:HB-10241,H:HB-10241,
H:HB-10243,PERSON,Lucy Smith,Lucy,,Smith,,,,1962-07-31,F,124646549,,170 Clyde Terrace,Papamoa,Tauranga,3118,,,0223388443,Active,2025-09-17,false,Low,false,2,9344.46,0.00,Credit Card; Personal Loan; Savings,false,true,1,H:HB-10243,H:HB-10243,H:HB-10243,
H:HB-10246,PERSON,Samuel Marie Li,Samuel,Marie,Li,,,,1987-06-09,M,122340683,,"Unit 7, 133 Totara Road",Merivale,Christchurch,8014,,,0219804966; 038984246,Active,2022-07-14,true,Low,false,5,33643.27,556564.01,Credit Card; Home Loan; KiwiSaver; Savings; Term Deposit,false,true,1,H:HB-10246,H:HB-10246,H:HB-10246,
H:HB-10253,PERSON,Xin Smith,Xin,,Smith,,,,1998-09-28,F,133289852,,"Unit 3, 42 Ranui Place",Hillcrest,Hamilton,3216,xin.smith@xtra.co.nz,xin.smith@xtra.co.nz,0221516806,Active,2002-10-10,true,Low,false,2,49068.39,0.00,Everyday,false,true,1,H:HB-10253,H:HB-10253,H:HB-10253,
H:HB-10256,PERSON,Amelia Anderson,Amelia,,Anderson,,,,1944-07-02,F,130298104,,137 Manuka Street,Chartwell,Hamilton,3210,amelia.anderson@gmail.com,amelia.anderson@gmail.com,0212889976; 079995387,Deceased,2002-09-18,false,Low,false,2,18606.80,0.00,KiwiSaver; Savings; Term Deposit,false,true,1,H:HB-10256,H:HB-10256,H:HB-10256,
H:HB-10262,PERSON,Robert Brown,Robert,,Brown,,,,1948-12-10,M,122101425,,33 Rata Road,Merivale,Christchurch,8014,,,0292464455,Dormant,2007-07-31,true,Medium,false,3,30179.09,3500.00,Credit Card; Everyday; KiwiSaver,false,true,1,H:HB-10262,H:HB-10262,H:HB-10262,
H:HB-10270,PERSON,James Zhang,James,,Zhang,,,,2006-12-13,M,111164041,,242 Totara Terrace,Papanui,Christchurch,8053,james.zhang@gmail.com,james.zhang@gmail.com,0274875027; 038198287,Active,2010-10-01,true,Medium,false,2,10252.20,0.00,Personal Loan,false,true,1,H:HB-10270,H:HB-10270,H:HB-10270,
H:HB-10276,PERSON,Joshua Anne White,Joshua,Anne,White,,,,2001-05-12,M,138773148,,"Unit 9, 188 Pohutukawa Place",Mornington,Dunedin,9011,joshua.white@outlook.com,joshua.white@outlook.com,0211116345; 036222499,Active,2021-02-08,true,Low,false,3,7235.99,220323.12,Everyday; Home Loan; KiwiSaver,false,true,1,H:HB-10276,H:HB-10276,H:HB-10276,
H:HB-10278,PERSON,Peter Paul Campbell,Peter,Paul,Campbell,,,,1970-10-25,M,112567464,,111 Harbour Crescent,Onehunga,Auckland,1061,peter.campbell@gmail.com,peter.campbell@gmail.com,0292772926,Active,2019-02-16,true,Medium,false,3,17616.26,176194.28,Credit Card; Home Loan; KiwiSaver; Personal Loan; Term Deposit,false,true,1,H:HB-10278,H:HB-10278,H:HB-10278,
H:HB-10281,PERSON,Thomas Mitchell,Thomas,,Mitchell,,,,1954-10-14,M,136575570,,126 Totara Road,Roslyn,Dunedin,9010,thomas.mitchell@outlook.com,thomas.mitchell@outlook.com,0278961799,Active,2023-05-27,true,Medium,false,4,16202.61,306274.97,Credit Card; Home Loan; KiwiSaver; Personal Loan; Term Deposit,false,true,1,H:HB-10281,H:HB-10281,H:HB-10281,
H:HB-10288,PERSON,Ruby Paul Murray,Ruby,Paul,Murray,,,,1980-11-23,F,111333636,,"Unit 7, 132 Harbour Street",Newtown,Wellington,6021,ruby.murray@xtra.co.nz,ruby.murray@xtra.co.nz,0273127525; 049165656,Active,2020-02-26,false,Low,false,1,15146.89,3500.00,Credit Card; KiwiSaver; Term Deposit,false,true,1,H:HB-10288,H:HB-10288,H:HB-10288,
H:HB-10290,PERSON,Susan Lee MacLeod,Susan,Lee,MacLeod,,,,1984-03-29,F,139014437,,246 Matai Road,Henderson,Auckland,0612,susan.macleod@xtra.co.nz,susan.macleod@xtra.co.nz,0219527482; 097308164,Active,2024-02-03,true,Low,false,4,20582.68,0.00,Credit Card; Savings,false,true,1,H:HB-10290,H:HB-10290,H:HB-10290,
H:HB-10294,PERSON,James Grace Li,James,Grace,Li,,,,1961-07-17,M,128558929,,119 Kowhai Terrace,Ponsonby,Auckland,1011,james.li@gmail.com,james.li@gmail.com,0292855929; 093504592,Active,2021-06-11,true,Low,false,2,19447.54,3500.00,KiwiSaver; Term Deposit,false,true,1,H:HB-10294,H:HB-10294,H:HB-10294,
H:HB-10299,PERSON,Tevita Louise Martin,Tevita,Louise,Martin,,,,1990-10-15,M,123552325,,153 Clyde Road,Henderson,Auckland,0612,tevita.martin@xtra.co.nz,tevita.martin@xtra.co.nz,0274559943,Active,2017-07-06,true,Low,false,3,5679.56,585715.67,Credit Card; Home Loan; Savings,false,true,1,H:HB-10299,H:HB-10299,H:HB-10299,
H:HB-10308,PERSON,Rachel John Stewart,Rachel,John,Stewart,,,,1956-09-30,F,110465721,,113 Rimu Road,St Clair,Dunedin,9012,rachel.stewart@xtra.co.nz,rachel.stewart@xtra.co.nz,0227359151,Active,1996-04-13,false,Low,false,5,2844.76,0.00,Credit Card; KiwiSaver; Term Deposit,false,true,1,H:HB-10308,H:HB-10308,H:HB-10308,
H:HB-10313,PERSON,Aroha Wilson,Aroha,,Wilson,,,,1949-05-14,F,123884131,,181 Park Drive,Newtown,Wellington,6021,aroha.wilson@gmail.com,aroha.wilson@gmail.com,0274472874; 048249533,Active,2023-01-08,true,Low,false,3,1694.03,637305.06,Home Loan; Savings; Term Deposit,false,true,1,H:HB-10313,H:HB-10313,H:HB-10313,
H:HB-10322,PERSON,Rawiri James Mitchell,Rawiri,James,Mitchell,,,,1954-02-20,M,131992123,,53 Rimu Road,Mount Maunganui,Tauranga,3116,rawiri.mitchell@outlook.com,rawiri.mitchell@outlook.com,0222036805; 072301922,Active,2024-12-11,true,Medium,false,2,15598.31,550700.97,Home Loan; KiwiSaver,false,true,1,H:HB-10322,H:HB-10322,H:HB-10322,
H:HB-10327,PERSON,Priya Jane Clarke,Priya,Jane,Clarke,,,,1950-12-26,F,126128988,,192 Beach Avenue,Frankton,Hamilton,3204,priya.clarke@outlook.com,priya.clarke@outlook.com,0222502365,Active,2001-08-16,true,Medium,false,4,78834.98,0.00,Savings; Term Deposit,false,true,1,H:HB-10327,H:HB-10327,H:HB-10327,
H:HB-10328,PERSON,Anna Paul Hughes,Anna,Paul,Hughes,,,,1996-01-27,F,121852046,,165 Beach Crescent,Mornington,Dunedin,9011,anna.hughes@xtra.co.nz,anna.hughes@xtra.co.nz,0211761127; 039583734,Active,2016-11-20,true,High,false,3,1355.60,0.00,Credit Card; Everyday; KiwiSaver; Savings,false,true,1,H:HB-10328,H:HB-10328,H:HB-10328,
H:HB-10334,PERSON,Andrew Hughes,Andrew,,Hughes,,,,1998-10-20,M,117696842,,101 Marine Street,Karori,Wellington,6012,andrew.hughes@xtra.co.nz,andrew.hughes@xtra.co.nz,0278253312,Active,2009-11-08,true,Medium,false,2,4298.62,556857.11,Home Loan; KiwiSaver; Personal Loan; Term Deposit,false,true,1,H:HB-10334,H:HB-10334,H:HB-10334,
H:HB-10339,PERSON,Luca O'Brien,Luca,,O'Brien,,,,1963-04-04,M,109742040,,23 Station Crescent,Otumoetai,Tauranga,3110,luca.obrien@outlook.com,luca.obrien@outlook.com,0215467187; 073461654,Active,2005-04-19,true,Low,false,2,12067.17,648729.26,Credit Card; Home Loan; Personal Loan; Savings; Term Deposit,false,true,1,H:HB-10339,H:HB-10339,H:HB-10339,
H:HB-10342,PERSON,Benjamin Taylor,Benjamin,,Taylor,,,,1962-02-05,M,100046942,,194 Station Avenue,Papanui,Christchurch,8053,benjamin.taylor@outlook.com,benjamin.taylor@outlook.com,0272861786,Dormant,2025-04-23,false,Low,false,3,12665.84,3500.00,KiwiSaver,false,true,1,H:HB-10342,H:HB-10342,H:HB-10342,
H:HB-10348,PERSON,Arjun Lee Campbell,Arjun,Lee,Campbell,,,,1968-06-06,M,113846708,,19 Hill Crescent,Onehunga,Auckland,1061,arjun.campbell@outlook.com,arjun.campbell@outlook.com,0226986918; 095151612,Active,2001-04-17,true,High,false,4,11503.97,12000.00,Credit Card; Personal Loan,false,true,1,H:HB-10348,H:HB-10348,H:HB-10348,
H:HB-10356,PERSON,Aroha John Parata,Aroha,John,Parata,,,,2001-06-28,F,,,228 Rata Avenue,Miramar,Wellington,6022,,,0299735687; 045817102,Active,2024-02-27,true,Medium,false,1,771.64,767862.50,Everyday; Home Loan; Personal Loan; Savings; Term Deposit,false,true,1,H:HB-10356,H:HB-10356,H:HB-10356,
H:HB-10360,PERSON,Katherine James Murray,Katherine,James,Murray,,,,1948-09-13,F,131189704,,189 Seaview Crescent,Newtown,Wellington,6021,,,0274396772,Active,2022-10-30,false,Medium,false,2,19919.34,3500.00,Credit Card; KiwiSaver; Personal Loan; Savings,false,true,1,H:HB-10360,H:HB-10360,H:HB-10360,
H:HB-10369,PERSON,Zoe Grace Walker,Zoe,Grace,Walker,,,,1994-12-14,F,119550801,,29 Totara Terrace,Hillcrest,Hamilton,3216,,,0218798812; 074894664,Active,2018-07-11,true,Low,false,5,67033.05,704542.52,Everyday; Home Loan; Personal Loan; Savings,false,true,1,H:HB-10369,H:HB-10369,H:HB-10369,
H:HB-10372,PERSON,Michael Grace Mitchell,Michael,Grace,Mitchell,,,,1976-02-24,M,101167003,,192 Totara Crescent,Takapuna,Auckland,0622,michael.mitchell@xtra.co.nz,michael.mitchell@xtra.co.nz,0221886776; 099919497,Active,2005-07-05,false,Medium,false,5,11854.78,12000.00,Personal Loan; Savings,false,true,1,H:HB-10372,H:HB-10372,H:HB-10372,
H:HB-10374,PERSON,Sione Rose Murray,Sione,Rose,Murray,,,,1940-03-23,M,130519435,,114 Victoria Avenue,Johnsonville,Wellington,6037,sione.murray@xtra.co.nz,sione.murray@xtra.co.nz,0215420304,Active,1997-12-23,true,Low,false,2,10427.78,0.00,KiwiSaver; Savings,false,true,1,H:HB-10374,H:HB-10374,H:HB-10374,
H:HB-10377,PERSON,Elizabeth Harris,Elizabeth,,Harris,,,,1947-05-28,F,,,173 Queen Street,Frankton,Hamilton,3204,elizabeth.harris@gmail.com,elizabeth.harris@gmail.com,0219423353,Active,2020-04-23,true,Low,false,3,9752.00,0.00,Personal Loan; Savings,false,true,1,H:HB-10377,H:HB-10377,H:HB-10377,
H:HB-10379,PERSON,Daniel Campbell,Daniel,,Campbell,,,,1998-04-22,M,131211256,,48 Marine Avenue,Frankton,Hamilton,3204,daniel.campbell@gmail.com,daniel.campbell@gmail.com,0297761132; 078112946,Active,2010-01-28,true,Medium,false,5,10302.79,0.00,KiwiSaver,false,true,1,H:HB-10379,H:HB-10379,H:HB-10379,
H:HB-10388,PERSON,William Wang,William,,Wang,,,,2000-07-23,M,104387447,,"Unit 11, 62 Albert Place",Johnsonville,Wellington,6037,,,0275798279; 044074822,Active,2000-08-02,false,Low,false,4,34864.36,0.00,Personal Loan; Savings; Term Deposit,false,true,1,H:HB-10388,H:HB-10388,H:HB-10388,
H:HB-10389,PERSON,Tane Michael Zhang,Tane,Michael,Zhang,,,,1953-02-09,M,135096860,,166 Totara Road,Mount Maunganui,Tauranga,3116,,,0229841105; 075937853,Active,2004-10-25,true,Low,false,4,86728.20,0.00,Everyday,false,true,1,H:HB-10389,H:HB-10389,H:HB-10389,
H:HB-10394,PERSON,Tevita Hughes,Tevita,,Hughes,,,,2005-05-12,M,,,166 Matai Crescent,Mount Eden,Auckland,1024,tevita.hughes@xtra.co.nz,tevita.hughes@xtra.co.nz,0213802700; 098013140,Active,2012-10-26,false,High,false,3,5111.34,0.00,Credit Card; KiwiSaver; Term Deposit,false,true,1,H:HB-10394,H:HB-10394,H:HB-10394,
H:HB-10402,PERSON,Lucy Reid,Lucy,,Reid,,,,2001-12-06,F,119725889,,122 Harbour Avenue,Otumoetai,Tauranga,3110,lucy.reid@gmail.com,lucy.reid@gmail.com,0273362851; 079485053,Active,2000-05-15,true,Low,false,2,5565.24,0.00,Everyday; Term Deposit,false,true,1,H:HB-10402,H:HB-10402,H:HB-10402,
H:HB-10408,PERSON,Christopher Williams,Christopher,,Williams,,,,1983-01-09,M,103489781,,"Unit 9, 177 Hill Terrace",Mount Eden,Auckland,1024,christopher.williams@xtra.co.nz,christopher.williams@xtra.co.nz,0223202618,Active,2003-10-13,false,High,false,2,14198.64,3500.00,KiwiSaver; Personal Loan; Term Deposit,false,true,1,H:HB-10408,H:HB-10408,H:HB-10408,
H:HB-10415,PERSON,Tane James Tuhiwai,Tane,James,Tuhiwai,,,,1989-12-20,M,102201119,,241 Marine Crescent,Newtown,Wellington,6021,tane.tuhiwai@outlook.com,tane.tuhiwai@outlook.com,0217475952; 049444277,Active,2012-10-11,false,Low,false,3,24572.77,0.00,Credit Card; Savings; Term Deposit,false,true,1,H:HB-10415,H:HB-10415,H:HB-10415,
H:HB-10416,PERSON,Andrew Grace Williams,Andrew,Grace,Williams,,,,1990-10-10,M,105980812,,"Unit 11, 166 Kowhai Road",Mount Maunganui,Tauranga,3116,andrew.williams@xtra.co.nz,andrew.williams@xtra.co.nz,0272449777; 076706156,Active,2010-02-20,true,Medium,false,5,11439.70,3500.00,Credit Card; KiwiSaver; Savings,false,true,1,H:HB-10416,H:HB-10416,H:HB-10416,
H:HB-10419,PERSON,Fiona Harris,Fiona,,Harris,,,,1997-01-10,F,121064577,,138 Manuka Avenue,Kelburn,Wellington,6012,fiona.harris@gmail.com,fiona.harris@gmail.com,0227498885,Active,2001-04-08,false,Low,false,4,13480.66,0.00,Personal Loan; Term Deposit,false,true,1,H:HB-10419,H:HB-10419,H:HB-10419,
H:HB-10421,PERSON,Sione Paul Johansson,Sione,Paul,Johansson,,,,1975-07-19,M,130291857,,236 Great North Avenue,Mornington,Dunedin,9011,sione.johansson@outlook.com,sione.johansson@outlook.com,0217863381,Active,2017-10-02,false,High,false,1,29353.22,3500.00,Credit Card; Everyday; Savings,false,true,1,H:HB-10421,H:HB-10421,H:HB-10421,
H:HB-10428,PERSON,Isla Taylor,Isla,,Taylor,,,,1969-10-28,F,130681045,,"Unit 5, 106 Marine Crescent",Papatoetoe,Auckland,2025,isla.taylor@xtra.co.nz,isla.taylor@xtra.co.nz,0298638546,Active,2020-06-16,false,Medium,false,2,46706.56,12000.00,Everyday; KiwiSaver; Personal Loan,false,true,1,H:HB-10428,H:HB-10428,H:HB-10428,
H:HB-10437,PERSON,Benjamin Jane Fonoti,Benjamin,Jane,Fonoti,,,,2005-09-02,M,124471646,,184 Great North Avenue,Halswell,Christchurch,8025,,,0226957032,Active,2002-04-02,true,Medium,false,1,11235.05,814380.44,Credit Card; Everyday; Home Loan; Personal Loan; Term Deposit,false,true,1,H:HB-10437,H:HB-10437,H:HB-10437,
H:HB-10439,PERSON,Ethan Rossi,Ethan,,Rossi,,,,1959-09-19,M,135820592,,69 Ranui Street,Riccarton,Christchurch,8011,ethan.rossi@outlook.com,ethan.rossi@outlook.com,0294046519; 033774964,Active,2008-11-19,true,Low,false,4,3536.05,0.00,Everyday; Personal Loan; Savings; Term Deposit,false,true,1,H:HB-10439,H:HB-10439,H:HB-10439,
H:HB-10440,PERSON,Hannah Reid,Hannah,,Reid,,,,1964-04-12,F,120152256,,"Unit 3, 6 Totara Drive",Newtown,Wellington,6021,hannah.reid@gmail.com,hannah.reid@gmail.com,0293556399,Active,2016-05-12,true,Low,false,1,81700.59,0.00,Credit Card; Everyday; Savings,false,true,1,H:HB-10440,H:HB-10440,H:HB-10440,
H:HB-10449,PERSON,William Reid,William,,Reid,,,,1980-03-07,M,125732768,,236 Pohutukawa Avenue,Hillcrest,Hamilton,3216,william.reid@xtra.co.nz,william.reid@xtra.co.nz,0223192752,Active,2013-03-18,true,Low,false,5,6373.31,0.00,Everyday; KiwiSaver; Personal Loan; Term Deposit,false,true,1,H:HB-10449,H:HB-10449,H:HB-10449,
H:HB-10457,PERSON,Jack Ngata,Jack,,Ngata,,,,1961-01-14,M,139408558,,32 Ranui Street,Riccarton,Christchurch,8011,jack.ngata@gmail.com,jack.ngata@gmail.com,0296836825; 035132872,Active,2004-08-23,false,Low,false,5,6558.66,878405.19,Everyday; Home Loan; Personal Loan; Term Deposit,false,true,1,H:HB-10457,H:HB-10457,H:HB-10457,
H:HB-10465,PERSON,William Walker,William,,Walker,,,,1978-04-12,M,111771728,,28 Kauri Street,Mornington,Dunedin,9011,william.walker@outlook.com,william.walker@outlook.com,0292699360; 035334074,Active,2008-06-03,true,High,false,4,9083.30,161214.18,Credit Card; Home Loan; KiwiSaver; Personal Loan; Savings,false,true,1,H:HB-10465,H:HB-10465,H:HB-10465,
H:HB-10474,PERSON,Priya Ngata,Priya,,Ngata,,,,1986-07-04,F,102363705,,236 Queen Terrace,Newtown,Wellington,6021,priya.ngata@xtra.co.nz,priya.ngata@xtra.co.nz,0276322863; 049028870,Active,2001-09-18,false,Low,false,1,7336.83,365301.87,Credit Card; Everyday; Home Loan; KiwiSaver; Term Deposit,false,true,1,H:HB-10474,H:HB-10474,H:HB-10474,
H:HB-10478,PERSON,Callum Murray,Callum,,Murray,,,,1990-12-11,M,132323451,,78 Seaview Avenue,Karori,Wellington,6012,,,0291410678; 043131949,Active,2023-07-17,true,High,false,2,65422.95,805918.43,Home Loan; KiwiSaver; Term Deposit,false,true,1,H:HB-10478,H:HB-10478,H:HB-10478,
H:HB-10485,PERSON,Elizabeth Anne Tuhiwai,Elizabeth,Anne,Tuhiwai,,,,1974-09-30,F,102869464,,45 Park Drive,Miramar,Wellington,6022,elizabeth.tuhiwai@xtra.co.nz,elizabeth.tuhiwai@xtra.co.nz,0226678448,Active,2025-01-01,false,Low,false,1,124002.13,0.00,Everyday; KiwiSaver,false,true,1,H:HB-10485,H:HB-10485,H:HB-10485,
H:HB-10489,PERSON,Jun Ann Johansson,Jun,Ann,Johansson,,,,2001-10-09,M,136884468,,"Unit 3, 223 Kauri Avenue",Papamoa,Tauranga,3118,jun.johansson@xtra.co.nz,jun.johansson@xtra.co.nz,0293246473; 079301219,Active,2022-06-06,true,Low,false,4,8398.95,0.00,Credit Card; KiwiSaver; Savings; Term Deposit,false,true,1,H:HB-10489,H:HB-10489,H:HB-10489,
H:HB-10495,PERSON,Olivia Mitchell,Olivia,,Mitchell,,,,1956-06-25,F,125862288,,238 Clyde Avenue,Hillcrest,Hamilton,3216,olivia.mitchell@gmail.com,olivia.mitchell@gmail.com,0223661189; 078802970,Active,2008-10-18,true,Medium,false,1,4000.74,3500.00,KiwiSaver; Savings; Term Deposit,false,true,1,H:HB-10495,H:HB-10495,H:HB-10495,
H:HB-10497,PERSON,Hannah Robinson,Hannah,,Robinson,,,,1954-03-16,F,114058832,,243 Seaview Road,Papamoa,Tauranga,3118,hannah.robinson@gmail.com,hannah.robinson@gmail.com,0222882767; 076613940,Active,2014-06-29,true,Medium,false,1,15230.13,3500.00,Credit Card; Everyday; Personal Loan; Savings,false,true,1,H:HB-10497,H:HB-10497,H:HB-10497,
H:HB-10498,PERSON,Helen Ahmed,Helen,,Ahmed,,,,1942-01-10,F,122563263,,143 Station Place,Otumoetai,Tauranga,3110,helen.ahmed@gmail.com,helen.ahmed@gmail.com,0228306610,Active,2019-04-16,true,Medium,false,3,17702.08,681778.47,Everyday; Home Loan,false,true,1,H:HB-10498,H:HB-10498,H:HB-10498,
H:HB-10499,PERSON,Jessica Stewart,Jessica,,Stewart,,,,1973-01-13,F,119857526,,217 Matai Road,Hillcrest,Hamilton,3216,jessica.stewart@xtra.co.nz,jessica.stewart@xtra.co.nz,0295740456; 075662978,Active,2006-06-28,true,Low,false,5,90682.15,12000.00,Credit Card; KiwiSaver,false,true,1,H:HB-10499,H:HB-10499,H:HB-10499,
H:HB-10501,PERSON,Hemi O'Brien,Hemi,,O'Brien,,,,1973-07-30,M,123425543,,232 Manuka Crescent,Ponsonby,Auckland,1011,hemi.obrien@outlook.com,hemi.obrien@outlook.com,0295883965; 098692629,Active,1995-02-05,false,Medium,false,1,11385.19,0.00,Everyday; KiwiSaver; Personal Loan; Term Deposit,false,true,1,H:HB-10501,H:HB-10501,H:HB-10501,
H:HB-10507,PERSON,William Taylor,William,,Taylor,,,,1942-06-18,M,101594485,,"Unit 11, 170 Kereru Terrace",Newtown,Wellington,6021,william.taylor@xtra.co.nz,william.taylor@xtra.co.nz,0275208104,Active,2019-04-20,false,Low,false,5,74469.04,12000.00,KiwiSaver; Savings,false,true,1,H:HB-10507,H:HB-10507,H:HB-10507,
H:HB-10510,PERSON,Wei Paul Tuhiwai,Wei,Paul,Tuhiwai,,,,1996-08-26,M,127754706,,182 Beach Crescent,St Clair,Dunedin,9012,wei.tuhiwai@gmail.com,wei.tuhiwai@gmail.com,0211634219,Active,1995-01-15,true,Low,false,3,7053.54,0.00,Credit Card; Everyday; Savings,false,true,1,H:HB-10510,H:HB-10510,H:HB-10510,
H:HB-10513,PERSON,Ethan Ahmed,Ethan,,Ahmed,,,,1998-12-20,M,,,"Unit 6, 195 Beach Crescent",Kelburn,Wellington,6012,ethan.ahmed@xtra.co.nz,ethan.ahmed@xtra.co.nz,0222846288; 044445246,Active,2016-02-28,true,Low,false,4,37959.76,0.00,KiwiSaver; Personal Loan,false,true,1,H:HB-10513,H:HB-10513,H:HB-10513,
H:HB-10522,PERSON,Kiri Kahu Pohatu,Kiri,Kahu,Pohatu,,,,1951-08-04,F,119085006,,217 Marine Drive,Newtown,Wellington,6021,kiri.pohatu@xtra.co.nz,kiri.pohatu@xtra.co.nz,0219714982,Active,2017-03-05,false,Low,false,5,131958.11,12000.00,KiwiSaver; Term Deposit,false,true,1,H:HB-10522,H:HB-10522,H:HB-10522,
H:HB-10531,PERSON,Nikolai Kennedy,Nikolai,,Kennedy,,,,2004-11-27,M,124198944,,25 Park Road,Kelburn,Wellington,6012,,,0229070716; 048918078,Active,2014-02-07,true,Medium,false,1,530.47,0.00,Everyday; KiwiSaver; Personal Loan; Term Deposit,false,true,1,H:HB-10531,H:HB-10531,H:HB-10531,
H:HB-10539,PERSON,Peter Thompson,Peter,,Thompson,,,,1993-05-26,M,107551054,,11 Hill Avenue,Mornington,Dunedin,9011,peter.thompson@xtra.co.nz,peter.thompson@xtra.co.nz,0293667212; 039266937,Active,1996-02-21,true,High,false,2,11669.22,3500.00,Credit Card; KiwiSaver; Savings,false,true,1,H:HB-10539,H:HB-10539,H:HB-10539,
H:HB-10543,PERSON,Katherine Li,Katherine,,Li,,,,1954-06-10,F,112336411,,66 Beach Place,Takapuna,Auckland,0622,,,0294615197; 097774089,Active,2008-02-07,true,Low,false,4,4891.30,0.00,Everyday; Personal Loan; Savings,false,true,1,H:HB-10543,H:HB-10543,H:HB-10543,
H:HB-10550,PERSON,Jun Anne Thompson,Jun,Anne,Thompson,,,,1954-01-22,M,120073432,,196 Clyde Avenue,Otumoetai,Tauranga,3110,jun.thompson@xtra.co.nz,jun.thompson@xtra.co.nz,0277035928; 073188191,Active,2008-10-03,true,High,false,2,8269.28,736096.73,Home Loan; KiwiSaver; Savings,false,true,1,H:HB-10550,H:HB-10550,H:HB-10550,
H:HB-10555,PERSON,Anthony Jane Parata,Anthony,Jane,Parata,,,,2006-03-14,M,105094226,,"Unit 4, 1 Nikau Terrace",Johnsonville,Wellington,6037,,,0213505820,Active,2018-06-25,true,Medium,false,5,85673.29,772217.47,Credit Card; Home Loan; KiwiSaver; Personal Loan; Term Deposit,false,true,1,H:HB-10555,H:HB-10555,H:HB-10555,
H:HB-10563,PERSON,Hemi John Kim,Hemi,John,Kim,,,,1983-03-09,M,122914014,,164 Clyde Drive,Roslyn,Dunedin,9010,hemi.kim@xtra.co.nz,hemi.kim@xtra.co.nz,0218984558; 037878015,Active,2003-10-25,true,Low,false,2,116924.15,12000.00,Everyday; Savings; Term Deposit,false,true,1,H:HB-10563,H:HB-10563,H:HB-10563,
H:HB-10566,PERSON,Peter Jane Anderson,Peter,Jane,Anderson,,,,1955-04-14,M,,,82 Victoria Street,Papatoetoe,Auckland,2025,peter.anderson@gmail.com,peter.anderson@gmail.com,0221084364; 097931121,Active,2022-10-08,true,Low,false,3,44683.79,0.00,Everyday; KiwiSaver; Term Deposit,false,true,1,H:HB-10566,H:HB-10566,H:HB-10566,
H:HB-10569,PERSON,Benjamin Mitchell,Benjamin,,Mitchell,,,Ben Mitchell,1960-10-19,M,101387187,,1 Nikau Drive,Ponsonby,Auckland,1011,benjamin.mitchell@outlook.com,benjamin.mitchell@outlook.com,0278697039; 099982407,Active,2014-07-31,true,Low,false,3,18648.95,7000.00,Everyday; KiwiSaver; Savings; Term Deposit,false,true,2,H:HB-10569,H:HB-10569,H:HB-10569; H:HB-11354,
H:HB-10575,PERSON,Mere Faleolo,Mere,,Faleolo,,,,1951-12-20,F,129875116,,68 Great North Avenue,Johnsonville,Wellington,6037,mere.faleolo@xtra.co.nz,mere.faleolo@xtra.co.nz,0218026922; 049951186,Active,2024-03-16,true,Low,false,2,32587.79,12000.00,Credit Card,false,true,1,H:HB-10575,H:HB-10575,H:HB-10575,
H:HB-10584,PERSON,Wei Reid,Wei,,Reid,,,,1969-02-19,M,118659182,,245 Tui Place,Halswell,Christchurch,8025,wei.reid@gmail.com,wei.reid@gmail.com,0223001649; 036252943,Dormant,1998-10-31,true,High,false,4,5205.55,3500.00,KiwiSaver; Savings,false,true,1,H:HB-10584,H:HB-10584,H:HB-10584,
H:HB-10585,PERSON,Leilani Michael MacLeod,Leilani,Michael,MacLeod,,,,1983-06-09,F,116039554,,231 Church Place,Riccarton,Christchurch,8011,,,0292699107; 036583522,Active,1996-05-15,true,Low,false,2,14298.67,0.00,Credit Card; Everyday; KiwiSaver; Personal Loan,false,true,1,H:HB-10585,H:HB-10585,H:HB-10585,
H:HB-10589,PERSON,Jessica Lee Harris,Jessica,Lee,Harris,,,,1942-02-26,F,137221197,,212 Seaview Place,Johnsonville,Wellington,6037,jessica.harris@outlook.com,jessica.harris@outlook.com,0211120843; 048945184,Active,2007-10-06,false,Low,false,1,264568.77,3500.00,Credit Card,false,true,1,H:HB-10589,H:HB-10589,H:HB-10589,
H:HB-10598,PERSON,Lucy Hughes,Lucy,,Hughes,,,,1997-03-03,F,102416606,,204 Park Crescent,Hillcrest,Hamilton,3216,lucy.hughes@xtra.co.nz,lucy.hughes@xtra.co.nz,0224466170,Active,2007-10-12,true,Low,false,1,11371.72,0.00,Term Deposit,false,true,1,H:HB-10598,H:HB-10598,H:HB-10598,
H:HB-10606,PERSON,Isla Li,Isla,,Li,,,,1962-08-29,F,134164853,,"Unit 5, 85 Seaview Road",Mornington,Dunedin,9011,isla.li@outlook.com,isla.li@outlook.com,0222478824,Active,2022-11-14,true,Low,false,5,78914.93,0.00,Credit Card; Everyday; KiwiSaver; Term Deposit,false,true,1,H:HB-10606,H:HB-10606,H:HB-10606,
H:HB-10610,PERSON,Hamish Marie Harris,Hamish,Marie,Harris,,,,1992-07-24,M,103039741,,68 Great North Crescent,Newtown,Wellington,6021,hamish.harris@gmail.com,hamish.harris@gmail.com,0299740682,Active,2004-08-27,false,Medium,false,2,99770.29,3500.00,Everyday; Personal Loan; Term Deposit,false,true,1,H:HB-10610,H:HB-10610,H:HB-10610,
H:HB-10612,PERSON,Zoe Kennedy,Zoe,,Kennedy,,,,1943-07-21,F,,,"Unit 9, 116 Clyde Place",Takapuna,Auckland,0622,zoe.kennedy@gmail.com,zoe.kennedy@gmail.com,0221017276,Active,2018-02-21,true,Low,false,3,4482.23,0.00,Everyday; Term Deposit,false,true,1,H:HB-10612,H:HB-10612,H:HB-10612,
H:HB-10619,PERSON,Mele Mei Kim,Mele,Mei,Kim,,,,1952-11-11,F,117939096,,173 Matai Avenue,Karori,Wellington,6012,mele.kim@gmail.com,mele.kim@gmail.com,0219362144,Dormant,2024-08-25,true,Low,false,4,95818.31,622101.27,Home Loan; Term Deposit,false,true,1,H:HB-10619,H:HB-10619,H:HB-10619,
H:HB-10623,PERSON,Losa John Wilson,Losa,John,Wilson,,,,1945-10-09,F,126032273,,115 Tui Place,Papamoa,Tauranga,3118,losa.wilson@xtra.co.nz,losa.wilson@xtra.co.nz,0227063005; 075787701,Active,2004-05-04,true,Low,false,5,46249.85,0.00,Credit Card; Everyday; KiwiSaver; Savings,false,true,1,H:HB-10623,H:HB-10623,H:HB-10623,
H:HB-10626,PERSON,Xin Sharma,Xin,,Sharma,,,,2004-02-13,F,132795139,,87 Station Place,Miramar,Wellington,6022,xin.sharma@xtra.co.nz,xin.sharma@xtra.co.nz,0272130098; 045582478,Active,2010-06-03,true,Medium,false,1,44690.00,479924.50,Credit Card; Everyday; Home Loan; KiwiSaver,false,true,1,H:HB-10626,H:HB-10626,H:HB-10626,
H:HB-10628,PERSON,Isla Lee Singh,Isla,Lee,Singh,,,,1956-02-06,F,104673569,,136 Matai Drive,Roslyn,Dunedin,9010,,,0221352944; 037355654,Active,2000-04-08,true,Low,false,2,18595.33,0.00,Term Deposit,false,true,1,H:HB-10628,H:HB-10628,H:HB-10628,
H:HB-10632,PERSON,Ethan Ann Wilson,Ethan,Ann,Wilson,,,,1995-09-07,M,113850557,,"Unit 3, 240 Clyde Terrace",Riccarton,Christchurch,8011,ethan.wilson@gmail.com,ethan.wilson@gmail.com,0293745787; 038275849,Active,1997-11-24,false,Low,false,4,55570.17,0.00,Personal Loan,false,true,1,H:HB-10632,H:HB-10632,H:HB-10632,
H:HB-10633,PERSON,Anna Kennedy,Anna,,Kennedy,,,,1964-09-27,F,134295203,,58 Seaview Road,Sumner,Christchurch,8081,,,0275817746; 033102224,Active,2004-07-26,true,Low,false,2,1605.34,0.00,Personal Loan,false,true,1,H:HB-10633,H:HB-10633,H:HB-10633,
H:HB-10636,PERSON,Zoe Nguyen,Zoe,,Nguyen,,,,1992-07-22,F,120690351,,52 Victoria Street,Papatoetoe,Auckland,2025,,,0214896120; 097961789,Active,2011-07-10,true,Medium,false,7,63697.50,0.00,Credit Card; Everyday; KiwiSaver; Personal Loan; Savings,true,true,2,H:HB-10636,H:HB-10636,H:HB-10636; T:00400002,
H:HB-10637,PERSON,Mateo Anderson,Mateo,,Anderson,,,,1978-03-04,M,105397681,,7 Tui Terrace,Karori,Wellington,6012,mateo.anderson@outlook.com,mateo.anderson@outlook.com; mateo88@hotmail.com,0217226025,Active,1999-01-28,true,Medium,false,4,481941.87,134360.93,Credit Card; Everyday; Home Loan; Savings; Term Deposit,true,true,3,H:HB-10637,H:HB-10637,H:HB-10637; H:HB-11370; T:00400031,address differs (confirm current address)
H:HB-10640,PERSON,Aisha Ann Te Rangi,Aisha,Ann,Te Rangi,,,,1954-11-20,F,123930825,,211 Totara Crescent,Sumner,Christchurch,8081,aisha.terangi@gmail.com,aisha.terangi@gmail.com; aisha85@gmail.com,0278386995,Active,2002-05-02,true,Medium,false,4,46114.84,0.00,Credit Card; Everyday; KiwiSaver; Personal Loan; Savings,true,true,2,H:HB-10640,H:HB-10640,H:HB-10640; T:00400040,
H:HB-10645,PERSON,Aroha Lee Wilson,Aroha,Lee,Wilson,,,,2006-12-12,F,102549812,,29 Kowhai Street,Mount Maunganui,Tauranga,3116,aroha.wilson@outlook.com,aroha.wilson@outlook.com; aroha22@hotmail.com,0222972166; 0273446690; 073587246,Active,2005-12-24,true,Medium,false,5,21801.37,0.00,Credit Card; KiwiSaver; Savings,true,true,2,H:HB-10645,H:HB-10645,H:HB-10645; T:00400061,address differs (confirm current address)
H:HB-10651,PERSON,James Williams,James,,Williams,,,James Willaims,1946-08-09,M,107596421,,153 Kowhai Terrace,St Clair,Dunedin,9012,james.williams@outlook.com,james.williams@outlook.com; james1@xtra.co.nz,0277915764; 0294683078; 034913559,Active,2011-11-04,false,High,false,4,143697.63,0.00,Credit Card; Everyday; KiwiSaver; Personal Loan; Term Deposit,true,true,2,H:HB-10651,H:HB-10651,H:HB-10651; T:00400081,last name differs (name change or typo); address differs (confirm current address)
H:HB-10657,PERSON,Sarah Parata,Sarah,,Parata,,,,1997-06-17,F,112594245,,129 Kauri Place,Johnsonville,Wellington,6037,sarah.parata@outlook.com,sarah.parata@outlook.com; sarah11@xtra.co.nz,0279604936; 044298820,Active,1996-09-21,true,Medium,false,4,140652.28,12000.00,Savings; Term Deposit,true,true,2,H:HB-10657,H:HB-10657,H:HB-10657; T:00400110,
H:HB-10662,PERSON,Ananya Paul Fonoti,Ananya,Paul,Fonoti,,,Ananya Young,1968-12-29,F,127534627,,26 Kereru Avenue,Mount Maunganui,Tauranga,3116,ananya.fonoti@gmail.com,ananya.fonoti@gmail.com; ananya74@gmail.com,0216624993; 072797477,Active,1994-05-30,false,High,false,5,6652.25,219112.28,Home Loan; Insurance; Personal Loan,true,true,2,H:HB-10662,H:HB-10662,H:HB-10662; T:00400120,last name differs (name change or typo)
H:HB-10671,PERSON,Katherine Paul Rossi,Katherine,Paul,Rossi,,,Kate Rossi,1961-04-30,F,,,194 Tui Avenue,Otumoetai,Tauranga,3110,katherine.rossi@outlook.com,kate86@xtra.co.nz; katherine.rossi@outlook.com,0229580975,Active,1992-08-22,false,Medium,false,5,23974.83,195932.23,Everyday; Home Loan; Personal Loan,true,true,2,H:HB-10671,H:HB-10671,H:HB-10671; T:00400138,
H:HB-10674,PERSON,Stephen Michael Williams,Stephen,Michael,Williams,,,Steve Williams,1974-02-25,M,109443716,,188 Matai Drive,Miramar,Wellington,6022,stephen.williams@gmail.com,stephen.williams@gmail.com; steve43@hotmail.com,0299537987,Active,2004-10-05,true,Medium,false,2,28603.85,0.00,Credit Card; Term Deposit,true,true,2,H:HB-10674,H:HB-10674,H:HB-10674; T:00400155,tax ID differs
H:HB-10678,PERSON,Rachel Chen,Rachel,,Chen,,,Rachel Harris,1948-06-16,F,121413063,,218 Albert Street,Takapuna,Auckland,0622,rachel.chen@gmail.com,rachel.chen@gmail.com,0275279483; 092286854,Active,2015-02-25,true,Medium,false,4,43757.38,12000.00,Personal Loan; Savings; Term Deposit,true,true,2,H:HB-10678,H:HB-10678,H:HB-10678; T:00400160,last name differs (name change or typo)
H:HB-10680,PERSON,Charlotte James Van der Berg,Charlotte,James,Van der Berg,,,,1942-03-31,F,134005406,,56 Kowhai Drive,Newtown,Wellington,6021,charlotte.vanderberg@outlook.com,charlotte.vanderberg@outlook.com,0211899652,Active,1989-12-18,true,Low,false,4,10124.73,791143.38,Credit Card; Everyday; Home Loan; Personal Loan; Savings,true,true,2,H:HB-10680,H:HB-10680,H:HB-10680; T:00400176,
H:HB-10683,PERSON,Mateo Wang,Mateo,,Wang,,,,1947-07-26,M,124317923,,163 Tui Crescent,Otumoetai,Tauranga,3110,mateo.wang@gmail.com,mateo.wang@gmail.com,0295176504,Active,2017-01-23,true,Low,false,4,72790.61,0.00,Credit Card; Everyday; Insurance; Personal Loan; Savings; Term Deposit,true,true,2,H:HB-10683,H:HB-10683,H:HB-10683; T:00400187,address differs (confirm current address)
H:HB-10691,PERSON,Aisha Louise Taylor,Aisha,Louise,Taylor,,,,1989-04-06,F,120591774,,"Unit 4, 193 Tui Place",Frankton,Hamilton,3204,aisha.taylor@gmail.com,aisha.taylor@gmail.com; aisha26@gmail.com,0278718719; 0299229155,Active,1996-10-08,true,High,false,6,63877.47,747311.93,Credit Card; Home Loan; Insurance; KiwiSaver; Personal Loan; Savings,true,true,2,H:HB-10691,H:HB-10691,H:HB-10691; T:00400212,address differs (confirm current address)
H:HB-10696,PERSON,Susan Brown,Susan,,Brown,,,,1957-06-19,F,132047768,,48 Marine Crescent,Frankton,Hamilton,3204,susan.brown@outlook.com,susan.brown@outlook.com; susan61@xtra.co.nz,0218529197; 0277424328,Active,2019-08-12,true,Medium,false,3,20229.29,0.00,Credit Card; KiwiSaver; Personal Loan; Savings,true,true,2,H:HB-10696,H:HB-10696,H:HB-10696; T:00400231,
H:HB-10703,PERSON,Jennifer Wang,Jennifer,,Wang,,,Jen Wang,1998-03-09,F,135329679,,"Unit 8, 80 Pohutukawa Crescent",St Clair,Dunedin,9012,jennifer.wang@outlook.com,jennifer.wang@outlook.com,0223234721; 034007412,Active,2002-07-25,true,Medium,false,4,27746.59,712194.65,Credit Card; Everyday; Home Loan; Personal Loan; Term Deposit,true,true,2,H:HB-10703,H:HB-10703,H:HB-10703; T:00400252,address differs (confirm current address)
H:HB-10710,PERSON,Hannah James Anderson,Hannah,James,Anderson,,,,1967-09-11,F,133500222,,82 Nikau Place,Newtown,Wellington,6021,hannah.anderson@outlook.com,hannah.anderson@outlook.com; hannah48@xtra.co.nz,0218208009,Active,2009-01-31,true,Medium,false,8,36758.51,0.00,Everyday; Savings,true,true,2,H:HB-10710,H:HB-10710,H:HB-10710; T:00400272,
H:HB-10715,PERSON,Richard Anderson,Richard,,Anderson,,,Rick Anderson,2005-04-28,M,115874576,,88 Totara Road,Remuera,Auckland,1050,,,0277612216; 095614751,Active,1996-06-20,true,High,false,4,177895.07,0.00,Credit Card; Everyday; Insurance; KiwiSaver; Personal Loan; Term Deposit,true,true,2,H:HB-10715,H:HB-10715,H:HB-10715; T:00400280,
H:HB-10719,PERSON,Sione James Li,Sione,James,Li,,,Sinoe Li,1992-10-25,M,106020145,,140 Rata Drive,Onehunga,Auckland,1061,sione.li@outlook.com,sione.li@outlook.com,0227662516; 095528570,Active,2002-04-29,true,High,true,3,40716.36,966474.44,Credit Card; Home Loan; KiwiSaver; Savings; Term Deposit,true,true,2,H:HB-10719,H:HB-10719,H:HB-10719; T:00400288,
H:HB-10724,PERSON,Anna Van der Berg,Anna,,Van der Berg,,,,1990-09-24,F,123222712,,153 Park Drive,Hillcrest,Hamilton,3216,anna.vanderberg@xtra.co.nz,anna.vanderberg@xtra.co.nz,0227386219; 079906152,Active,1995-04-29,true,Medium,false,6,18209.25,384825.67,Credit Card; Home Loan; Savings,true,true,2,H:HB-10724,H:HB-10724,H:HB-10724; T:00400311,address differs (confirm current address)
H:HB-10727,PERSON,Jessica Paul MacLeod,Jessica,Paul,MacLeod,,,,1948-09-10,F,136902876,,"Unit 1, 201 Nikau Crescent",St Clair,Dunedin,9012,jessica.macleod@gmail.com,jessica.macleod@gmail.com,0276766175,Active,1991-08-30,true,Medium,false,9,27085.08,338024.63,Credit Card; Everyday; Home Loan; KiwiSaver; Personal Loan; Term Deposit,true,true,2,H:HB-10727,H:HB-10727,H:HB-10727; T:00400336,
H:HB-10728,PERSON,Sophie Johansson,Sophie,,Johansson,,,,1998-10-26,F,129524056,,157 Church Terrace,St Clair,Dunedin,9012,sophie94@hotmail.com,sophie94@hotmail.com,0214089887,Active,2019-07-26,true,Low,false,6,43741.33,267016.49,Everyday; Home Loan; Insurance; KiwiSaver; Personal Loan; Savings,true,true,2,H:HB-10728,H:HB-10728,H:HB-10728; T:00400348,
H:HB-10734,PERSON,Kiri Johansson,Kiri,,Johansson,,,,1997-06-27,F,108182204,,15 Rata Road,Remuera,Auckland,1050,kiri.johansson@xtra.co.nz,kiri.johansson@xtra.co.nz; kiri17@hotmail.com,0298958579,Active,2005-12-31,true,Low,false,7,4279.37,785567.11,Home Loan; Personal Loan; Term Deposit,true,true,2,H:HB-10734,H:HB-10734,H:HB-10734; T:00400358,address differs (confirm current address)
H:HB-10735,PERSON,Margaret Campbell,Margaret,,Campbell,,,,1954-08-06,F,108557312,,9 Matai Crescent,Halswell,Christchurch,8025,margaret.campbell@xtra.co.nz,margaret.campbell@xtra.co.nz; margaret17@hotmail.com,0278920343,Active,1995-04-11,true,Medium,false,3,5411.21,0.00,Everyday; KiwiSaver; Savings; Term Deposit,true,true,2,H:HB-10735,H:HB-10735,H:HB-10735; T:00400368,address differs (confirm current address)
H:HB-10740,PERSON,Tevita Robinson,Tevita,,Robinson,,,,1960-09-30,M,129107302,,201 Seaview Place,Mount Eden,Auckland,1024,tevita.robinson@gmail.com,tevita.robinson@gmail.com; tevita96@xtra.co.nz,0225501618; 092049265,Active,1993-12-31,true,High,false,5,59829.54,383302.29,Home Loan; Insurance; Personal Loan; Term Deposit,true,true,2,H:HB-10740,H:HB-10740,H:HB-10740; T:00400384,address differs (confirm current address)
H:HB-10746,PERSON,Xin Wilson,Xin,,Wilson,,,,1947-08-22,F,101630413,,74 Nikau Avenue,Otumoetai,Tauranga,3110,xin.wilson@gmail.com,xin.wilson@gmail.com; xin43@hotmail.com,0211967499; 078879228,Active,2020-02-14,true,Medium,false,7,11966.97,12000.00,Credit Card; Insurance; KiwiSaver; Term Deposit,true,true,2,H:HB-10746,H:HB-10746,H:HB-10746; T:00400409,
H:HB-10755,PERSON,William Campbell,William,,Campbell,,,Bill Campbell; Iwlliam Campbell,2000-07-25,M,122850476,,188 Marine Crescent,Halswell,Christchurch,8025,william.campbell@outlook.com,william.campbell@outlook.com,0211837735,Active,2001-09-09,true,Low,false,8,65611.00,0.00,Everyday; Personal Loan; Savings; Term Deposit,true,true,3,H:HB-10755,H:HB-10755,H:HB-10755; H:HB-11363; T:00400416,
H:HB-10760,PERSON,Oliver Tuilagi,Oliver,,Tuilagi,,,,1966-08-15,M,114729362,,80 Pohutukawa Street,Papanui,Christchurch,8053,oliver28@xtra.co.nz,oliver.tuilagi@xtra.co.nz; oliver28@xtra.co.nz,0222593675; 032124074,Active,2006-08-01,true,Medium,false,6,67167.90,12000.00,Everyday; Insurance; KiwiSaver; Savings,true,true,2,H:HB-10760,T:00400446,H:HB-10760; T:00400446,
H:HB-10766,PERSON,Sarah Jane Brown,Sarah,Jane,Brown,,,,1982-01-31,F,124069741,,"Unit 6, 128 Seaview Terrace",Mornington,Dunedin,9011,sarah.brown@xtra.co.nz,sarah.brown@xtra.co.nz; sarah46@gmail.com,0277015244; 0298841772; 033421274,Active,2016-10-12,true,Low,false,7,22304.00,839964.40,Home Loan; KiwiSaver; Personal Loan; Savings; Term Deposit,true,true,2,H:HB-10766,H:HB-10766,H:HB-10766; T:00400462,
H:HB-10769,PERSON,Jun Tuilagi,Jun,,Tuilagi,,,,1973-12-14,M,137762876,,223 Totara Street,Halswell,Christchurch,8025,jun.tuilagi@xtra.co.nz,jun.tuilagi@xtra.co.nz; jun41@xtra.co.nz,0273969368; 035515491,Active,1993-04-24,true,Medium,false,4,31361.27,0.00,Everyday; KiwiSaver; Savings,true,true,2,H:HB-10769,H:HB-10769,H:HB-10769; T:00400470,
H:HB-10774,PERSON,Aisha Louise MacLeod,Aisha,Louise,MacLeod,,,,1998-11-29,F,117121944,,"Unit 4, 116 Matai Drive",Remuera,Auckland,1050,aisha29@xtra.co.nz,aisha.macleod@xtra.co.nz; aisha29@xtra.co.nz,0216237303,Active,2002-12-08,true,High,false,4,70126.78,350693.20,Everyday; Home Loan; KiwiSaver; Personal Loan; Savings; Term Deposit,true,true,2,H:HB-10774,T:00400489,H:HB-10774; T:00400489,
H:HB-10775,PERSON,James Campbell,James,,Campbell,,,,1985-10-25,M,112341215,,228 Church Road,St Clair,Dunedin,9012,james.campbell@outlook.com,james.campbell@outlook.com; james74@xtra.co.nz,0225153655; 036618532,Active,2003-06-24,true,High,true,8,214609.46,776730.72,Home Loan; Insurance; KiwiSaver; Personal Loan; Savings; Term Deposit,true,true,2,H:HB-10775,H:HB-10775,H:HB-10775; T:00400505,
H:HB-10780,PERSON,Jennifer Williams,Jennifer,,Williams,,,,1964-10-10,F,112892721,,10 Park Street,Onehunga,Auckland,1061,jennifer.williams@outlook.com,jennifer.williams@outlook.com; jennifer82@xtra.co.nz,0294263431,Active,1994-12-26,true,Medium,false,7,353824.31,3500.00,Credit Card; Personal Loan,true,true,2,H:HB-10780,H:HB-10780,H:HB-10780; T:00400518,
H:HB-10786,PERSON,Samuel James Tipene,Samuel,James,Tipene,,,,1980-12-27,M,100318736,,123 Victoria Road,Johnsonville,Wellington,6037,samuel67@gmail.com,samuel67@gmail.com,0297073450; 046727254,Active,2003-05-15,true,High,false,5,4836.23,12000.00,Credit Card; Everyday; KiwiSaver; Savings; Term Deposit,true,true,2,H:HB-10786,H:HB-10786,H:HB-10786; T:00400523,address differs (confirm current address)
H:HB-10790,PERSON,Tane Michael MacLeod,Tane,Michael,MacLeod,,,Tane Malceod,1987-05-21,M,113386279,,"Unit 4, 22 Victoria Road",Mornington,Dunedin,9011,,,0294548199,Active,2008-11-11,true,Low,true,8,13057.46,706462.56,Everyday; Home Loan; Personal Loan; Savings,true,true,2,H:HB-10790,H:HB-10790,H:HB-10790; T:00400545,last name differs (name change or typo)
H:HB-10796,PERSON,Aisha Lee Young,Aisha,Lee,Young,,,,1958-09-29,F,133085608,,109 Ranui Road,Roslyn,Dunedin,9010,aisha.young@xtra.co.nz,aisha.young@xtra.co.nz; aisha34@gmail.com,0221007166,Active,1997-08-02,true,High,false,3,207941.39,461240.85,Everyday; Home Loan; Term Deposit,true,true,2,H:HB-10796,H:HB-10796,H:HB-10796; T:00400558,
H:HB-10800,PERSON,Thomas Smith,Thomas,,Smith,,,,1987-10-27,M,125748643,,"Unit 4, 161 Marine Terrace",Remuera,Auckland,1050,thomas.smith@gmail.com,thomas.smith@gmail.com,0273197928,Active,2011-02-22,true,Medium,false,7,49858.52,473278.26,Credit Card; Everyday; Home Loan; Insurance; Personal Loan,true,true,2,H:HB-10800,H:HB-10800,H:HB-10800; T:00400561,
H:HB-10804,PERSON,Michael Lee McDonald,Michael,Lee,McDonald,,,,1944-02-18,M,106103724,,31 Seaview Avenue,Mount Maunganui,Tauranga,3116,michael17@gmail.com,michael.mcdonald@outlook.com; michael17@gmail.com,0276842844; 072967082,Active,1997-01-06,true,High,false,8,6043.89,0.00,Credit Card; KiwiSaver; Personal Loan; Savings; Term Deposit,true,true,2,H:HB-10804,T:00400587,H:HB-10804; T:00400587,
H:HB-10808,PERSON,James Anderson,James,,Anderson,,,,2005-12-14,M,135524895,,20 Hill Street,Roslyn,Dunedin,9010,james.anderson@outlook.com,james.anderson@outlook.com; james49@gmail.com,0211114313,Active,1998-01-27,true,High,false,5,26821.05,823041.36,Credit Card; Everyday; Home Loan; KiwiSaver; Personal Loan; Savings; Term Deposit,true,true,2,H:HB-10808,H:HB-10808,H:HB-10808; T:00400590,
H:HB-10813,PERSON,Christopher Clarke,Christopher,,Clarke,,,,1978-03-28,M,105679758,,53 Seaview Place,Sumner,Christchurch,8081,christopher.clarke@xtra.co.nz,christopher.clarke@xtra.co.nz,0296753912,Active,2008-02-10,true,High,false,5,26908.64,729503.92,Credit Card; Everyday; Home Loan; KiwiSaver; Savings; Term Deposit,true,true,2,H:HB-10813,H:HB-10813,H:HB-10813; T:00400609,
H:HB-10814,PERSON,Jessica James Wilson,Jessica,James,Wilson,,,Jess Wilson,1950-09-27,F,106452900,,72 Rata Road,Ponsonby,Auckland,1011,jessica.wilson@outlook.com,jessica.wilson@outlook.com,0225978158; 0226364313,Active,1997-03-19,true,Low,false,9,13069.81,574134.45,Everyday; Home Loan; KiwiSaver; Personal Loan; Savings; Term Deposit,true,true,2,H:HB-10814,H:HB-10814,H:HB-10814; T:00400631,
H:HB-10823,PERSON,Anna Michael Wilson,Anna,Michael,Wilson,,,,1996-04-26,F,110669780,,39 Beach Avenue,Frankton,Hamilton,3204,anna.wilson@xtra.co.nz,anna.wilson@xtra.co.nz; anna1@gmail.com,0297273153; 079064242,Active,2007-05-08,true,Medium,false,5,43502.81,3500.00,Everyday; Insurance; KiwiSaver; Personal Loan; Term Deposit,true,true,2,H:HB-10823,H:HB-10823,H:HB-10823; T:00400642,
H:HB-10829,PERSON,Mohammed Johansson,Mohammed,,Johansson,,,,1967-08-05,M,114294905,,"Unit 7, 219 Marine Crescent",Newtown,Wellington,6021,mohammed.johansson@xtra.co.nz,mohammed.johansson@xtra.co.nz; mohammed66@xtra.co.nz,0229441559,Active,2002-06-27,true,Medium,false,4,60411.43,0.00,Credit Card; Everyday; Personal Loan,true,true,2,H:HB-10829,H:HB-10829,H:HB-10829; T:00400645,
H:HB-10833,PERSON,Olivia Williams,Olivia,,Williams,,,,1997-01-01,F,133190748,,154 Kereru Drive,Hillcrest,Hamilton,3216,olivia.williams@gmail.com,olivia.williams@gmail.com,0293898417; 079821418,Active,2009-03-20,true,Medium,false,7,13044.68,712064.84,Credit Card; Everyday; Home Loan; Insurance; Personal Loan,true,true,2,H:HB-10833,H:HB-10833,H:HB-10833; T:00400664,address differs (confirm current address)
H:HB-10841,PERSON,Mei Wilson,Mei,,Wilson,,,,2005-03-13,F,123048146,,133 Queen Road,Henderson,Auckland,0612,mei.wilson@gmail.com,mei.wilson@gmail.com,0222655963; 095995707,Active,2001-05-29,false,Medium,false,6,32600.95,634691.56,Credit Card; Home Loan; Personal Loan; Savings; Term Deposit,true,true,2,H:HB-10841,H:HB-10841,H:HB-10841; T:00400665,address differs (confirm current address)
H:HB-10843,PERSON,Grace Lee Nguyen,Grace,Lee,Nguyen,,,Grace Pohatu,1951-10-09,F,129259312,,50 Albert Crescent,Ponsonby,Auckland,1011,grace.nguyen@gmail.com,grace.nguyen@gmail.com; grace90@hotmail.com,0275755463,Active,2015-12-12,true,Low,false,7,217267.57,0.00,Credit Card; Everyday; KiwiSaver; Savings; Term Deposit,true,true,2,H:HB-10843,H:HB-10843,H:HB-10843; T:00400673,last name differs (name change or typo)
H:HB-10845,PERSON,James Sharma,James,,Sharma,,,,1940-03-17,M,116060295,,69 Marine Terrace,Papanui,Christchurch,8053,james59@xtra.co.nz,james.sharma@outlook.com; james59@xtra.co.nz,0291784354,Active,1997-02-21,true,Low,false,4,175624.22,363681.55,Everyday; Home Loan; Savings,true,true,2,H:HB-10845,T:00400697,H:HB-10845; T:00400697,address differs (confirm current address)
H:HB-10854,PERSON,Ruby John Smith,Ruby,John,Smith,,,,1986-01-30,F,134181639,,"Unit 12, 177 Queen Avenue",Johnsonville,Wellington,6037,ruby.smith@xtra.co.nz,ruby.smith@xtra.co.nz; ruby39@xtra.co.nz,0216403469; 046289002,Active,2010-11-01,true,High,false,9,8231.54,0.00,Credit Card; Personal Loan; Term Deposit,true,true,2,H:HB-10854,H:HB-10854,H:HB-10854; T:00400713,
H:HB-10856,PERSON,Joshua Marie Faleolo,Joshua,Marie,Faleolo,,,Josh Faleolo,2007-12-25,M,130382205,,96 Ranui Crescent,Mornington,Dunedin,9011,joshua.faleolo@xtra.co.nz,josh46@gmail.com; joshua.faleolo@xtra.co.nz,0274707493; 0291200138,Active,1988-04-25,true,High,false,6,79231.73,495882.70,Credit Card; Home Loan; Insurance; KiwiSaver; Personal Loan; Savings; Term Deposit,true,true,2,H:HB-10856,H:HB-10856,H:HB-10856; T:00400735,
H:HB-10862,PERSON,Matthew Paul Hughes,Matthew,Paul,Hughes,,,,2003-05-18,M,103257687,,116 Kowhai Crescent,Mornington,Dunedin,9011,matthew.hughes@gmail.com,matthew.hughes@gmail.com; matthew28@gmail.com,0293038728,Active,2000-04-12,false,Medium,false,5,41955.25,463587.75,Credit Card; Home Loan; KiwiSaver; Savings; Term Deposit,true,true,2,H:HB-10862,H:HB-10862,H:HB-10862; T:00400755,address differs (confirm current address)
H:HB-10865,PERSON,Sophie Van der Berg,Sophie,,Van der Berg,,,,1979-04-21,F,136967480,,203 Beach Avenue,Halswell,Christchurch,8025,,,0211096686; 038085268,Active,1999-04-11,true,Medium,false,3,78564.94,12000.00,Credit Card; Personal Loan; Savings; Term Deposit,true,true,2,H:HB-10865,H:HB-10865,H:HB-10865; T:00400767,
H:HB-10871,PERSON,Aroha Clarke,Aroha,,Clarke,,,,1944-02-14,F,104744932,,4 Matai Terrace,Papanui,Christchurch,8053,aroha53@xtra.co.nz,aroha.clarke@outlook.com; aroha53@xtra.co.nz,0222302948; 034519382,Active,1999-05-27,true,High,false,4,37107.30,765662.06,Credit Card; Home Loan; KiwiSaver; Personal Loan; Term Deposit,true,true,2,H:HB-10871,T:00400788,H:HB-10871; T:00400788,
H:HB-10876,PERSON,Helen Lee Young,Helen,Lee,Young,,,,1979-05-09,F,126245261,,86 Park Street,Chartwell,Hamilton,3210,helen.young@xtra.co.nz,helen.young@xtra.co.nz; helen24@gmail.com,0227146668,Active,1994-10-15,true,Medium,false,3,49805.77,593632.08,Credit Card; Everyday; Home Loan; Savings,true,true,2,H:HB-10876,H:HB-10876,H:HB-10876; T:00400789,tax ID differs; address differs (confirm current address)
H:HB-10879,PERSON,William Faleolo,William,,Faleolo,,,,1991-11-29,M,105045208,,141 Seaview Place,Remuera,Auckland,1050,william.faleolo@outlook.com,william.faleolo@outlook.com,0272071829; 0279810324; 093171564,Active,1988-08-18,true,Low,false,3,21555.40,738848.68,Home Loan; KiwiSaver; Personal Loan; Savings,true,true,2,H:HB-10879,H:HB-10879,H:HB-10879; T:00400803,address differs (confirm current address)
H:HB-10888,PERSON,Sophie Michael Nguyen,Sophie,Michael,Nguyen,,,,1985-05-06,F,137906396,,41 Hill Drive,Mount Maunganui,Tauranga,3116,sophie.nguyen@xtra.co.nz,sophie.nguyen@xtra.co.nz; sophie92@gmail.com,0219671032,Active,2006-05-16,true,High,false,6,10082.43,0.00,Credit Card; Everyday; Personal Loan; Savings; Term Deposit,true,true,2,H:HB-10888,H:HB-10888,H:HB-10888; T:00400806,address differs (confirm current address)
H:HB-10895,PERSON,Arjun Paul Scott,Arjun,Paul,Scott,,,,1971-05-25,M,119921924,,169 Clyde Road,Mount Maunganui,Tauranga,3116,arjun.scott@xtra.co.nz,arjun.scott@xtra.co.nz; arjun83@gmail.com,0273672743,Dormant,1994-07-18,true,Medium,false,8,61021.38,358485.22,Home Loan; KiwiSaver; Savings,true,true,2,H:HB-10895,H:HB-10895,H:HB-10895; T:00400811,
H:HB-10904,PERSON,Jennifer Anne Patel,Jennifer,Anne,Patel,,,Jennifer Reid,1969-09-04,F,125341510,,"Unit 6, 159 Queen Street",St Clair,Dunedin,9012,jennifer.patel@outlook.com,jennifer.patel@outlook.com,0274146612; 033243612,Active,1998-03-16,true,High,false,4,335127.28,0.00,Everyday; KiwiSaver; Savings,true,true,2,H:HB-10904,H:HB-10904,H:HB-10904; T:00400827,last name differs (name change or typo); address differs (confirm current address)
H:HB-10911,PERSON,Sophie Lee Faleolo,Sophie,Lee,Faleolo,,,,1951-06-29,F,138594635,,"Unit 1, 198 Clyde Place",Papamoa,Tauranga,3118,sophie.faleolo@xtra.co.nz,sophie.faleolo@xtra.co.nz,0297673071; 078884117,Active,2007-11-27,true,Medium,false,6,10663.34,412529.02,Credit Card; Everyday; Home Loan; Insurance; Savings; Term Deposit,true,true,2,H:HB-10911,H:HB-10911,H:HB-10911; T:00400846,
H:HB-10913,PERSON,Lucy John White,Lucy,John,White,,,,1973-04-14,F,136117149,,69 Seaview Avenue,Miramar,Wellington,6022,lucy.white@xtra.co.nz,lucy.white@xtra.co.nz; lucy8@hotmail.com,0278639606,Active,2012-10-14,true,High,false,5,19957.87,623286.04,Credit Card; Home Loan; KiwiSaver; Savings; Term Deposit,true,true,2,H:HB-10913,H:HB-10913,H:HB-10913; T:00400859,address differs (confirm current address)
H:HB-10914,PERSON,Jack Stewart,Jack,,Stewart,,,,2004-03-14,M,106923747,,196 Victoria Terrace,Papanui,Christchurch,8053,jack89@xtra.co.nz,jack89@xtra.co.nz,0224057926; 033046600,Active,1996-08-28,true,Low,false,3,148228.56,507106.74,Credit Card; Home Loan; Insurance; Savings; Term Deposit,true,true,2,H:HB-10914,H:HB-10914,H:HB-10914; T:00400875,
H:HB-10923,PERSON,Arjun Ann Fitzgerald,Arjun,Ann,Fitzgerald,,,,1973-01-12,M,124601755,,17 Marine Avenue,Chartwell,Hamilton,3210,,,0228192189; 073094200,Active,1994-03-29,true,Medium,true,5,10572.85,0.00,Insurance; KiwiSaver; Personal Loan; Savings; Term Deposit,true,true,2,H:HB-10923,H:HB-10923,H:HB-10923; T:00400877,
H:HB-10929,PERSON,Wiremu White,Wiremu,,White,,,,1953-03-07,M,124254116,,124 Harbour Avenue,Roslyn,Dunedin,9010,wiremu.white@outlook.com,wiremu.white@outlook.com,0227937674,Active,2005-10-09,true,Medium,false,5,36019.88,0.00,Everyday; Insurance; Personal Loan; Savings; Term Deposit,true,true,3,H:HB-10929,H:HB-10929,H:HB-10929; H:HB-11371; T:00400891,
H:HB-10935,PERSON,Zoe Young,Zoe,,Young,,,,1967-04-06,F,116693619,,79 Ranui Street,Mount Maunganui,Tauranga,3116,zoe.young@outlook.com,zoe.young@outlook.com; zoe39@hotmail.com,0272347463; 077328909,Active,2024-02-13,true,High,false,6,15690.66,0.00,Credit Card; Insurance; KiwiSaver; Savings; Term Deposit,true,true,2,H:HB-10935,H:HB-10935,H:HB-10935; T:00400917,
H:HB-10939,PERSON,Sarah Kahu Te Rangi,Sarah,Kahu,Te Rangi,,,,1967-01-15,F,126165924,,116 Albert Drive,Ponsonby,Auckland,1011,sarah.terangi@xtra.co.nz,sarah.terangi@xtra.co.nz; sarah76@hotmail.com,0293624840; 095177049,Active,2007-06-11,true,High,false,3,5024.26,0.00,Credit Card; Personal Loan; Term Deposit,true,true,2,H:HB-10939,H:HB-10939,H:HB-10939; T:00400942,
H:HB-10942,PERSON,Losa Williams,Losa,,Williams,,,,1984-07-22,F,130694216,,"Unit 10, 35 Matai Place",Sumner,Christchurch,8081,losa.williams@outlook.com,losa.williams@outlook.com; losa22@gmail.com,0295040470,Active,2005-02-26,true,High,false,7,166598.78,381809.24,Credit Card; Everyday; Home Loan; Personal Loan; Savings; Term Deposit,true,true,2,H:HB-10942,H:HB-10942,H:HB-10942; T:00400948,
H:HB-10947,PERSON,Arjun Fitzgerald,Arjun,,Fitzgerald,,,,1969-09-14,M,134120186,,202 Great North Drive,St Clair,Dunedin,9012,arjun.fitzgerald@outlook.com,arjun.fitzgerald@outlook.com; arjun99@gmail.com,0272853699; 032429680,Active,2004-02-20,true,Medium,false,6,99485.32,822043.71,Everyday; Home Loan; KiwiSaver; Personal Loan; Savings; Term Deposit,true,true,2,H:HB-10947,H:HB-10947,H:HB-10947; T:00400967,
H:HB-10956,PERSON,Benjamin Michael Taylor,Benjamin,Michael,Taylor,,,,1958-12-30,M,138029574,,202 Kauri Terrace,Mount Eden,Auckland,1024,benjamin.taylor@xtra.co.nz,benjamin.taylor@xtra.co.nz,0293633132,Deceased,2007-06-05,true,Medium,false,5,26715.10,0.00,Everyday; KiwiSaver; Savings; Term Deposit,true,true,2,H:HB-10956,H:HB-10956,H:HB-10956; T:00400987,
H:HB-10964,PERSON,William Marie Hughes,William,Marie,Hughes,,,W Hughes,1984-02-19,M,129486543,,84 Queen Crescent,Halswell,Christchurch,8025,william.hughes@gmail.com,william.hughes@gmail.com; william57@gmail.com,0297131318; 037554702,Active,1995-10-30,true,Medium,false,5,6046.22,0.00,Savings; Term Deposit,true,true,2,H:HB-10964,H:HB-10964,H:HB-10964; T:00400998,
H:HB-10973,PERSON,Zoe Kahu Tipene,Zoe,Kahu,Tipene,,,,1984-09-04,F,127165264,,44 Matai Street,Mount Eden,Auckland,1024,zoe.tipene@xtra.co.nz,zoe.tipene@xtra.co.nz; zoe91@xtra.co.nz,0218166938; 0275367785,Active,2008-02-27,true,Low,false,2,87688.77,0.00,Credit Card; Everyday; Personal Loan; Savings,true,true,2,H:HB-10973,H:HB-10973,H:HB-10973; T:00401023,
H:HB-10981,PERSON,Xin Wang,Xin,,Wang,,,,1971-05-21,F,129643391,,"Unit 1, 103 Pohutukawa Avenue",Newtown,Wellington,6021,xin.wang@xtra.co.nz,xin.wang@xtra.co.nz; xin35@gmail.com,0225817455; 0296081876,Active,2000-02-19,true,Medium,false,8,42030.77,556030.61,Everyday; Home Loan; KiwiSaver; Personal Loan; Term Deposit,true,true,2,H:HB-10981,H:HB-10981,H:HB-10981; T:00401029,
H:HB-10982,PERSON,Rawiri Wang,Rawiri,,Wang,,,,1959-05-13,M,,,167 Rata Crescent,Roslyn,Dunedin,9010,rawiri.wang@xtra.co.nz,rawiri.wang@xtra.co.nz,0273708001; 0279678764,Active,1997-06-16,true,Low,false,5,29245.75,12000.00,Credit Card; Everyday; Insurance; KiwiSaver; Personal Loan; Savings,true,true,2,H:HB-10982,H:HB-10982,H:HB-10982; T:00401033,
H:HB-10991,PERSON,Anthony James Mitchell,Anthony,James,Mitchell,,,,1985-06-25,M,102062527,,214 Albert Drive,Mornington,Dunedin,9011,anthony.mitchell@gmail.com,anthony.mitchell@gmail.com; anthony45@gmail.com,0222846903,Active,2011-12-05,true,Low,false,7,26220.64,0.00,Everyday; Personal Loan,true,true,2,H:HB-10991,H:HB-10991,H:HB-10991; T:00401043,
H:HB-10996,PERSON,Charlotte Louise Tuhiwai,Charlotte,Louise,Tuhiwai,,,,1979-04-03,F,117745489,,"Unit 3, 87 Hill Crescent",Chartwell,Hamilton,3210,charlotte.tuhiwai@outlook.com,charlotte.tuhiwai@outlook.com; charlotte18@xtra.co.nz,0217068019,Active,2001-04-14,true,Medium,false,3,72273.51,830290.52,Everyday; Home Loan; KiwiSaver; Term Deposit,true,true,2,H:HB-10996,H:HB-10996,H:HB-10996; T:00401071,
H:HB-10997,PERSON,Mohammed Zhang,Mohammed,,Zhang,,,,1970-04-08,M,114900615,,217 Ranui Crescent,Mount Maunganui,Tauranga,3116,mohammed.zhang@outlook.com,mohammed.zhang@outlook.com; mohammed70@xtra.co.nz,0226009898; 073542053,Active,1989-01-24,true,High,false,2,34224.93,144092.64,Credit Card; Home Loan; Insurance; Personal Loan; Savings; Term Deposit,true,true,2,H:HB-10997,H:HB-10997,H:HB-10997; T:00401087,
H:HB-10998,PERSON,Wei Kim,Wei,,Kim,,,,1982-05-03,M,107224505,,128 Clyde Road,Riccarton,Christchurch,8011,wei.kim@gmail.com,wei.kim@gmail.com; wei66@xtra.co.nz,0213654587; 0295413940; 037127977,Active,1997-10-25,true,Medium,false,6,21785.25,3500.00,Credit Card; Everyday; KiwiSaver; Term Deposit,true,true,2,H:HB-10998,H:HB-10998,H:HB-10998; T:00401105,
H:HB-11007,PERSON,Priya Rose Johansson,Priya,Rose,Johansson,,,,1991-12-09,F,133939968,,133 Victoria Road,St Clair,Dunedin,9012,,,0292719438,Active,2015-10-13,true,Low,false,7,86363.45,487235.03,Credit Card; Everyday; Home Loan; Insurance; Term Deposit,true,true,2,H:HB-11007,H:HB-11007,H:HB-11007; T:00401135,
H:HB-11013,PERSON,Helen Robinson,Helen,,Robinson,,,,1963-01-31,F,104519751,,11 Church Street,Halswell,Christchurch,8025,helen.robinson@outlook.com,helen.robinson@outlook.com,0224508887,Active,2011-11-06,false,Medium,false,2,68714.37,860392.18,Credit Card; Home Loan; KiwiSaver; Personal Loan; Savings; Term Deposit,true,true,2,H:HB-11013,T:00401152,H:HB-11013; T:00401152,
H:HB-11015,PERSON,Luca McDonald,Luca,,McDonald,,,,1965-01-21,M,135061344,,23 Queen Crescent,Roslyn,Dunedin,9010,luca.mcdonald@gmail.com,luca.mcdonald@gmail.com; luca20@gmail.com,0271928315; 038141905,Active,1992-08-02,true,Medium,false,3,27831.03,554256.53,Credit Card; Home Loan; Personal Loan; Savings; Term Deposit,true,true,2,H:HB-11015,H:HB-11015,H:HB-11015; T:00401180,address differs (confirm current address)
H:HB-11022,PERSON,Tane Ann Campbell,Tane,Ann,Campbell,,,,1971-07-26,M,125898424,,13 Ranui Road,Otumoetai,Tauranga,3110,tane39@hotmail.com,tane39@hotmail.com,0216314193; 078301440,Active,2009-06-28,true,Low,false,5,130701.52,0.00,Credit Card; Everyday; Savings; Term Deposit,true,true,2,H:HB-11022,H:HB-11022,H:HB-11022; T:00401208,
H:HB-11023,PERSON,Richard Mei White,Richard,Mei,White,,,,1998-07-11,M,117696984,,"Unit 11, 121 Nikau Road",Mornington,Dunedin,9011,richard.white@gmail.com,richard.white@gmail.com; richard46@hotmail.com,0223448541,Active,1992-02-23,true,High,false,9,39109.10,1335631.69,Everyday; Home Loan; KiwiSaver; Personal Loan; Savings,true,true,2,H:HB-11023,H:HB-11023,H:HB-11023; T:00401237,
H:HB-11026,PERSON,Oliver White,Oliver,,White,,,,1968-10-27,M,132391321,,195 Station Crescent,Johnsonville,Wellington,6037,oliver.white@outlook.com,oliver.white@outlook.com,0218846403; 046575344,Active,1998-11-02,true,Medium,false,4,126047.72,0.00,Credit Card; Everyday; Insurance; Personal Loan; Term Deposit,true,true,2,H:HB-11026,H:HB-11026,H:HB-11026; T:00401267,
H:HB-11030,PERSON,Jennifer Jane Te Rangi,Jennifer,Jane,Te Rangi,,,Jen Te Rangi,1994-03-29,F,118506340,,44 Matai Terrace,Chartwell,Hamilton,3210,jennifer.terangi@xtra.co.nz,jen53@hotmail.com; jennifer.terangi@xtra.co.nz,0228741319,Active,1999-11-02,true,Medium,false,5,60659.75,0.00,Credit Card; Term Deposit,true,true,2,H:HB-11030,H:HB-11030,H:HB-11030; T:00401278,
H:HB-11034,PERSON,Naomi John Kim,Naomi,John,Kim,,,,1994-11-09,F,118531608,,"Unit 5, 51 Great North Drive",Frankton,Hamilton,3204,naomi.kim@xtra.co.nz,naomi.kim@xtra.co.nz,0224103116,Active,2006-06-09,true,Medium,false,6,146303.70,3500.00,Credit Card; Insurance; Personal Loan; Savings; Term Deposit,true,true,2,H:HB-11034,H:HB-11034,H:HB-11034; T:00401281,
H:HB-11037,PERSON,Anthony Brown,Anthony,,Brown,,,,1955-10-16,M,114450199,,46 Totara Crescent,Onehunga,Auckland,1061,,,0214184162,Active,1998-08-25,true,High,false,3,6225.60,12000.00,Credit Card; KiwiSaver; Personal Loan,true,true,2,H:HB-11037,H:HB-11037,H:HB-11037; T:00401298,address differs (confirm current address)
H:HB-11046,PERSON,Charlotte Paul Clarke,Charlotte,Paul,Clarke,,,Charltote Clarke,1979-07-27,F,119514599,,63 Clyde Crescent,Johnsonville,Wellington,6037,charlotte.clarke@xtra.co.nz,charlotte.clarke@xtra.co.nz,0222725487,Active,2021-10-17,true,Low,false,2,77005.45,795253.04,Everyday; Home Loan; Insurance; Personal Loan; Term Deposit,true,true,2,H:HB-11046,H:HB-11046,H:HB-11046; T:00401307,address differs (confirm current address)
H:HB-11047,PERSON,Emily Marie Li,Emily,Marie,Li,,,,1968-04-05,F,107277817,,30 Ranui Place,Karori,Wellington,6012,emily93@gmail.com,emily93@gmail.com,0225575198,Active,1993-12-29,false,Medium,false,5,105364.24,458189.86,Everyday; Home Loan; Personal Loan; Term Deposit,true,true,2,H:HB-11047,H:HB-11047,H:HB-11047; T:00401331,
H:HB-11053,PERSON,Ruby Mei Johansson,Ruby,Mei,Johansson,,,,1993-09-29,F,101362760,,225 Park Drive,Mount Maunganui,Tauranga,3116,ruby.johansson@gmail.com,ruby.johansson@gmail.com,0229699699,Active,2006-07-30,true,High,false,6,15974.56,496688.74,Credit Card; Everyday; Home Loan; Insurance; KiwiSaver; Term Deposit,true,true,2,H:HB-11053,H:HB-11053,H:HB-11053; T:00401350,
H:HB-11060,PERSON,Rachel Marie Te Rangi,Rachel,Marie,Te Rangi,,,,1946-03-22,F,121903743,,214 Harbour Place,Papamoa,Tauranga,3118,rachel.terangi@xtra.co.nz,rachel.terangi@xtra.co.nz; rachel20@xtra.co.nz,0217658740,Active,1994-08-08,true,Low,false,4,3418.93,0.00,Personal Loan; Savings; Term Deposit,true,true,2,H:HB-11060,H:HB-11060,H:HB-11060; T:00401352,
H:HB-11062,PERSON,Rawiri Rossi,Rawiri,,Rossi,,,,2003-06-21,M,113107372,,188 Matai Drive,Hillcrest,Hamilton,3216,rawiri.rossi@gmail.com,rawiri.rossi@gmail.com,0213764661,Active,2003-11-19,true,Low,false,6,223491.62,0.00,Credit Card; Personal Loan; Savings; Term Deposit,true,true,2,H:HB-11062,H:HB-11062,H:HB-11062; T:00401378,
H:HB-11069,PERSON,Arjun Parata,Arjun,,Parata,,,,1955-04-09,M,123106244,,241 Totara Avenue,St Clair,Dunedin,9012,arjun80@gmail.com,arjun80@gmail.com,0217714191,Active,2007-11-29,true,High,false,6,14988.47,0.00,Insurance; Savings,true,true,2,H:HB-11069,H:HB-11069,H:HB-11069; T:00401387,
H:HB-11071,PERSON,Peter James MacLeod,Peter,James,MacLeod,,,,1980-01-08,M,100807135,,71 Clyde Road,Roslyn,Dunedin,9010,peter.macleod@outlook.com,peter.macleod@outlook.com,0293211646,Active,1997-06-26,true,High,false,2,15065.85,734892.39,Credit Card; Home Loan; KiwiSaver; Personal Loan; Term Deposit,true,true,2,H:HB-11071,H:HB-11071,H:HB-11071; T:00401398,
H:HB-11080,PERSON,Anthony Chen,Anthony,,Chen,,,Tony Chen,1995-02-12,M,107928211,,"Unit 10, 168 Station Road",Halswell,Christchurch,8025,anthony.chen@outlook.com,anthony.chen@outlook.com,0272305138; 032891958,Active,1991-11-29,true,Medium,false,2,34263.84,0.00,Credit Card; KiwiSaver; Personal Loan; Savings; Term Deposit,true,true,2,H:HB-11080,H:HB-11080,H:HB-11080; T:00401423,
H:HB-11085,PERSON,Tane Kahu Taylor,Tane,Kahu,Taylor,,,,1983-07-15,M,122936230,,157 Kereru Crescent,Newtown,Wellington,6021,tane27@xtra.co.nz,tane27@xtra.co.nz,0214380408; 044011799,Active,2014-02-10,true,Low,false,6,17545.47,3500.00,Credit Card; KiwiSaver; Savings; Term Deposit,true,true,2,H:HB-11085,H:HB-11085,H:HB-11085; T:00401450,
H:HB-11091,PERSON,David James Fonoti,David,James,Fonoti,,,Dave Fonoti,2000-01-26,M,111264010,,46 Nikau Terrace,Frankton,Hamilton,3204,dave92@hotmail.com,dave92@hotmail.com; david.fonoti@outlook.com,0299165486,Active,1990-01-07,false,Medium,true,5,88282.36,3500.00,Everyday; Insurance; Personal Loan,true,true,2,H:HB-11091,T:00401453,H:HB-11091; T:00401453,
H:HB-11093,PERSON,Nikolai Louise Campbell,Nikolai,Louise,Campbell,,,,1958-01-08,M,124577934,,162 Clyde Avenue,Roslyn,Dunedin,9010,nikolai.campbell@gmail.com,nikolai.campbell@gmail.com,0228763317; 0273345796,Active,2019-05-08,true,Low,false,7,25162.12,887694.11,Everyday; Home Loan; Personal Loan; Savings; Term Deposit,true,true,2,H:HB-11093,H:HB-11093,H:HB-11093; T:00401464,
H:HB-11094,PERSON,Susan Grace Clarke,Susan,Grace,Clarke,,,,1992-02-16,F,112682929,,97 Hill Avenue,Merivale,Christchurch,8014,susan.clarke@gmail.com,susan.clarke@gmail.com; susan97@xtra.co.nz,0274094592; 0297786314,Active,2010-03-15,true,Low,false,3,29390.28,3500.00,Everyday; Savings,true,true,2,H:HB-11094,H:HB-11094,H:HB-11094; T:00401486,
H:HB-11098,PERSON,Anahera Tipene,Anahera,,Tipene,,,,1986-07-13,F,130632214,,161 Matai Crescent,Mount Maunganui,Tauranga,3116,anahera.tipene@gmail.com,anahera.tipene@gmail.com,0218572603; 0229470322; 072595122,Active,1989-12-10,true,Low,false,4,21981.94,157191.83,Everyday; Home Loan; Insurance; Personal Loan; Savings,true,true,2,H:HB-11098,H:HB-11098,H:HB-11098; T:00401503,address differs (confirm current address)
H:HB-11103,PERSON,Fiona Jane Smith,Fiona,Jane,Smith,,,Fiona Macleod,1966-03-13,F,124865694,,210 Harbour Terrace,Papamoa,Tauranga,3118,,,0291064376; 077693261,Active,1996-09-26,true,Medium,false,3,157365.54,0.00,Credit Card; Everyday; Personal Loan; Savings,true,true,2,H:HB-11103,H:HB-11103,H:HB-11103; T:00401505,last name differs (name change or typo)
H:HB-11111,PERSON,Aisha Fitzgerald,Aisha,,Fitzgerald,,,,1964-12-03,F,130147776,,52 Totara Crescent,Papamoa,Tauranga,3118,aisha.fitzgerald@gmail.com,aisha.fitzgerald@gmail.com,0271715822; 079995001,Active,2001-02-12,true,Low,false,6,4450.40,791437.24,Everyday; Home Loan; Insurance,true,true,2,H:HB-11111,H:HB-11111,H:HB-11111; T:00401518,
H:HB-11119,PERSON,Anthony Rossi,Anthony,,Rossi,,,,1969-02-10,M,111579024,,186 Kauri Avenue,,Dunedin,9012,,,0228604107,Active,2002-03-03,false,Medium,false,3,102947.13,485836.98,Credit Card; Home Loan; Personal Loan; Savings,true,true,2,H:HB-11119,T:00401538,H:HB-11119; T:00401538,
H:HB-11121,PERSON,Aisha Paul Harris,Aisha,Paul,Harris,,,,1991-11-24,F,107384377,,88 Kauri Street,Takapuna,Auckland,0622,aisha.harris@xtra.co.nz,aisha.harris@xtra.co.nz; aisha32@xtra.co.nz,0213385304; 092915277,Active,2000-12-10,true,Low,false,6,14628.82,258393.67,Everyday; Home Loan; Insurance; Personal Loan; Savings; Term Deposit,true,true,2,H:HB-11121,H:HB-11121,H:HB-11121; T:00401542,address differs (confirm current address)
H:HB-11130,PERSON,Luca Walker,Luca,,Walker,,,,1961-05-14,M,120829387,,119 Pohutukawa Road,Johnsonville,Wellington,6037,,,0273222725,Dormant,2014-02-24,false,Low,false,4,22607.27,0.00,Savings; Term Deposit,false,true,1,H:HB-11130,H:HB-11130,H:HB-11130,
H:HB-11131,PERSON,Katherine Rossi,Katherine,,Rossi,,,,1970-03-18,F,122023266,,86 Park Avenue,Karori,Wellington,6012,katherine.rossi@xtra.co.nz,katherine.rossi@xtra.co.nz,0294928407,Active,2010-06-14,false,Low,false,4,4259.72,3500.00,Personal Loan; Savings; Term Deposit,false,true,1,H:HB-11131,H:HB-11131,H:HB-11131,
H:HB-11134,PERSON,Olivia Mitchell,Olivia,,Mitchell,,,,1954-04-28,F,131885082,,89 Clyde Avenue,Henderson,Auckland,0612,olivia.mitchell@gmail.com,olivia.mitchell@gmail.com,0221444970,Active,2009-08-10,false,High,false,2,7251.34,201216.18,Credit Card; Everyday; Home Loan; KiwiSaver; Savings,false,true,1,H:HB-11134,H:HB-11134,H:HB-11134,
H:HB-11137,PERSON,Anna Van der Berg,Anna,,Van der Berg,,,,1977-12-01,F,104402502,,132 Tui Drive,Chartwell,Hamilton,3210,anna.vanderberg@xtra.co.nz,anna.vanderberg@xtra.co.nz,0213592827,Active,1997-04-07,true,Low,false,4,108104.68,0.00,Credit Card; Everyday; KiwiSaver; Savings,false,true,1,H:HB-11137,H:HB-11137,H:HB-11137,
H:HB-11145,PERSON,Mohammed Johansson,Mohammed,,Johansson,,,,1976-02-08,M,124965367,,15 Totara Street,St Clair,Dunedin,9012,,,0227395401,Active,2021-07-08,true,Medium,false,1,19466.71,3500.00,Everyday; Personal Loan; Term Deposit,false,true,1,H:HB-11145,H:HB-11145,H:HB-11145,
H:HB-11150,PERSON,Robert White,Robert,,White,,,,1979-04-08,M,131949159,,10 Marine Place,Ponsonby,Auckland,1011,robert.white@outlook.com,robert.white@outlook.com,0271526404,Active,2004-11-10,true,Low,false,4,32222.37,0.00,Everyday,false,true,1,H:HB-11150,H:HB-11150,H:HB-11150,
H:HB-11151,BUSINESS,Kendrix Engineering Limited,,,,Kendrix Engineering Limited,Kendrix Eng,,,,127705880,9429763289682,"Unit 8, 115 Seaview Terrace",Mornington,Dunedin,9011,accounts@kendrixengineering.co.nz,accounts@kendrixengineering.co.nz,0215291241; 037148058,Active,2024-03-13,false,Medium,false,2,154574.82,1200000.00,Business Credit Card; Business Savings; Equipment Finance; Overdraft,false,true,1,H:HB-11151,H:HB-11151,H:HB-11151,
H:HB-11160,BUSINESS,Southern Cross Freight Limited,,,,Southern Cross Freight Limited,SX Freight,,,,124334940,9429449216200,168 Totara Crescent,Mount Maunganui,Tauranga,3116,accounts@southerncrossfreig.co.nz,accounts@southerncrossfreig.co.nz,0228145832; 078019879,Active,2002-02-28,true,Low,false,2,190368.36,250000.00,Business Credit Card; Overdraft; Term Deposit,false,true,1,H:HB-11160,H:HB-11160,H:HB-11160,
H:HB-11163,BUSINESS,Bluebell Cafe Limited,,,,Bluebell Cafe Limited,,,,,106419064,9429755812194,192 Park Street,Merivale,Christchurch,8014,accounts@bluebellcafe.co.nz,accounts@bluebellcafe.co.nz,0223116894; 032399069,Active,2021-09-24,true,Medium,false,2,267084.84,0.00,Business Credit Card; Business Everyday; Business Savings; Overdraft,false,true,1,H:HB-11163,H:HB-11163,H:HB-11163,
H:HB-11170,BUSINESS,Aotearoa Scaffolding Limited,,,,Aotearoa Scaffolding Limited,AO Scaff,,,,135157426,,199 Victoria Crescent,Onehunga,Auckland,1061,accounts@aotearoascaffoldin.co.nz,accounts@aotearoascaffoldin.co.nz,095945236,Active,2024-04-19,true,Medium,false,3,2768789.52,50000.00,Business Savings,false,true,1,H:HB-11170,H:HB-11170,H:HB-11170,
H:HB-11172,BUSINESS,Kaimai Dairy Farms Limited,,,,Kaimai Dairy Farms Limited,,,,,109487350,9429467433073,"Unit 11, 126 Totara Crescent",Johnsonville,Wellington,6037,accounts@kaimaidairyfarms.co.nz,accounts@kaimaidairyfarms.co.nz,049547090,Active,2016-07-06,false,Medium,false,2,85409.28,1200000.00,Term Deposit,false,true,1,H:HB-11172,H:HB-11172,H:HB-11172,
H:HB-11179,BUSINESS,Pacific Steel Fabricators Limited,,,,Pacific Steel Fabricators Limited,PSF Steel,,,,114107770,9429239551290,50 Kowhai Terrace,Mornington,Dunedin,9011,accounts@pacificsteelfabric.co.nz,accounts@pacificsteelfabric.co.nz,0271158523; 035464410,Active,2000-12-27,true,Medium,false,4,8789.04,0.00,Business Savings; Equipment Finance; Overdraft; Term Deposit,false,true,1,H:HB-11179,H:HB-11179,H:HB-11179,
H:HB-11184,BUSINESS,Te Awa Civil Contracting Limited,,,,Te Awa Civil Contracting Limited,,,,,139667457,9429687410633,76 Harbour Terrace,Ponsonby,Auckland,1011,accounts@teawacivilcontract.co.nz,accounts@teawacivilcontract.co.nz,0218008205; 099751684,Active,2017-04-10,true,Medium,false,6,25391.34,0.00,Business Everyday; Business Savings,false,true,1,H:HB-11184,H:HB-11184,H:HB-11184,
H:HB-11190,BUSINESS,Summit Roofing Solutions Limited,,,,Summit Roofing Solutions Limited,Summit Roofing,,,,126092390,9429307340756,59 Beach Terrace,Kelburn,Wellington,6012,accounts@summitroofingsolut.co.nz,accounts@summitroofingsolut.co.nz,0274934397; 047951240,Active,1996-04-18,true,Medium,false,5,16663.68,1200000.00,Business Everyday; Overdraft,false,true,1,H:HB-11190,H:HB-11190,H:HB-11190,
H:HB-11195,BUSINESS,Coastal Fisheries Limited,,,,Coastal Fisheries Limited,,,,,130418760,9429486200324,148 Harbour Road,Chartwell,Hamilton,3210,accounts@coastalfisheries.co.nz,accounts@coastalfisheries.co.nz,076077402,Active,2002-08-23,false,Medium,false,4,8940.48,250000.00,Business Credit Card; Equipment Finance; Term Deposit,false,true,1,H:HB-11195,H:HB-11195,H:HB-11195,
H:HB-11197,BUSINESS,Greenway Landscaping Limited,,,,Greenway Landscaping Limited,,,,,115721538,9429537566116,15 Park Road,Frankton,Hamilton,3204,accounts@greenwaylandscapin.co.nz,accounts@greenwaylandscapin.co.nz,074239899,Active,1996-06-21,true,Medium,false,1,978509.52,1200000.00,Business Credit Card; Business Everyday,false,true,1,H:HB-11197,H:HB-11197,H:HB-11197,
H:HB-11199,BUSINESS,Matariki Early Learning Limited,,,,Matariki Early Learning Limited,,,,,104105474,9429357186040,118 Park Terrace,Karori,Wellington,6012,accounts@matarikiearlylearn.co.nz,accounts@matarikiearlylearn.co.nz,042703205,Active,2024-09-21,true,High,false,4,33760.86,0.00,Business Credit Card; Business Everyday; Business Savings; Merchant Services,false,true,1,H:HB-11199,H:HB-11199,H:HB-11199,
H:HB-11207,BUSINESS,Ironbark Demolition Limited,,,,Ironbark Demolition Limited,,,,,138598175,9429936191245,21 Ranui Terrace,Miramar,Wellington,6022,accounts@ironbarkdemolition.co.nz,accounts@ironbarkdemolition.co.nz,0219147746; 042402986,Active,2000-06-01,true,Medium,false,1,179757.36,0.00,Business Credit Card; Equipment Finance; Merchant Services; Overdraft,false,true,1,H:HB-11207,H:HB-11207,H:HB-11207,
H:HB-11216,BUSINESS,Silverfern Warehousing Limited,,,,Silverfern Warehousing Limited,,,,,133851026,9429965498147,"Unit 6, 192 Park Place",Miramar,Wellington,6022,accounts@silverfernwarehous.co.nz,accounts@silverfernwarehous.co.nz,0298681581; 042001580,Active,2020-05-18,true,Low,false,1,55749.48,50000.00,Equipment Finance; Merchant Services,false,true,1,H:HB-11216,H:HB-11216,H:HB-11216,
H:HB-11225,BUSINESS,Precision Electrical Services Limited,,,,Precision Electrical Services Limited,Precision Sparks,,,,111729119,9429595485003,"Unit 12, 144 Manuka Terrace",Karori,Wellington,6012,accounts@precisionelectrica.co.nz,accounts@precisionelectrica.co.nz,046503049,Active,1996-12-31,true,Medium,false,4,28673.22,0.00,Business Everyday; Equipment Finance; Overdraft; Term Deposit,false,true,1,H:HB-11225,H:HB-11225,H:HB-11225,
H:HB-11226,BUSINESS,Horizon Plumbing & Gas Limited,,,,Horizon Plumbing & Gas Limited,,,,,105895135,9429283169030,109 Rimu Road,Mount Eden,Auckland,1024,accounts@horizonplumbingand.co.nz,accounts@horizonplumbingand.co.nz,096881497,Active,2003-06-04,false,Medium,false,2,86669.16,1200000.00,Business Savings; Equipment Finance; Overdraft; Term Deposit,false,true,1,H:HB-11226,H:HB-11226,H:HB-11226,
H:HB-11232,BUSINESS,Seaview Hotel Group Limited,,,,Seaview Hotel Group Limited,The Seaview,,,,136297396,9429467476348,241 Beach Street,Roslyn,Dunedin,9010,accounts@seaviewhotelgroup.co.nz,accounts@seaviewhotelgroup.co.nz,0297074816; 033763447,Active,2025-07-01,false,Medium,false,2,140312.10,0.00,Business Credit Card; Equipment Finance,false,true,1,H:HB-11232,H:HB-11232,H:HB-11232,
H:HB-11233,BUSINESS,Titan Crane Hire Limited,,,,Titan Crane Hire Limited,,,,,116837458,9429406021380,17 Kowhai Place,St Clair,Dunedin,9012,accounts@titancranehire.co.nz,accounts@titancranehire.co.nz,0229892108; 033772119,Active,2022-09-09,true,High,false,1,169555.44,1200000.00,Business Credit Card; Business Everyday; Merchant Services; Overdraft,false,true,1,H:HB-11233,H:HB-11233,H:HB-11233,
H:HB-11241,BUSINESS,Kiwi Fresh Produce Limited,,,,Kiwi Fresh Produce Limited,,,,,135845136,9429347941157,47 Manuka Drive,Riccarton,Christchurch,8011,accounts@kiwifreshproduce.co.nz,accounts@kiwifreshproduce.co.nz,0278461800; 034968848,Active,2015-12-30,false,Low,false,4,36144.96,1200000.00,Overdraft,false,true,1,H:HB-11241,H:HB-11241,H:HB-11241,
H:HB-11243,BUSINESS,Meridian Cleaning Services Limited,,,,Meridian Cleaning Services Limited,,,,,103556145,,201 Tui Crescent,Roslyn,Dunedin,9010,accounts@meridiancleaningse.co.nz,accounts@meridiancleaningse.co.nz,0227962542; 036793042,Active,2011-12-06,true,Medium,false,2,233095.50,0.00,Business Credit Card; Business Savings; Merchant Services; Overdraft,false,true,1,H:HB-11243,H:HB-11243,H:HB-11243,
H:HB-11250,BUSINESS,Otago Quarry Products Limited,,,,Otago Quarry Products Limited,,,,,139436185,9429261075170,89 Church Street,Onehunga,Auckland,1061,accounts@otagoquarryproduct.co.nz,accounts@otagoquarryproduct.co.nz,096172332,Active,2000-12-06,true,Low,false,4,283929.78,1200000.00,Business Credit Card; Equipment Finance; Merchant Services; Overdraft,false,true,1,H:HB-11250,H:HB-11250,H:HB-11250,
H:HB-11259,BUSINESS,Bay Boatbuilders Limited,,,,Bay Boatbuilders Limited,,,,,112792577,,170 Beach Road,St Clair,Dunedin,9012,accounts@bayboatbuilders.co.nz,accounts@bayboatbuilders.co.nz,037065759,Active,2025-12-20,false,Low,false,3,271173.00,250000.00,Business Everyday; Merchant Services; Term Deposit,false,true,1,H:HB-11259,H:HB-11259,H:HB-11259,
H:HB-11261,BUSINESS,Metro Waste Solutions Limited,,,,Metro Waste Solutions Limited,,,,,110746453,9429854390999,247 Great North Crescent,Chartwell,Hamilton,3210,accounts@metrowastesolution.co.nz,accounts@metrowastesolution.co.nz,0223419335; 075548127,Active,1995-02-23,false,Medium,false,3,130524.72,1200000.00,Business Everyday; Business Savings; Overdraft,false,true,1,H:HB-11261,H:HB-11261,H:HB-11261,
H:HB-11268,BUSINESS,Kauri Joinery Limited,,,,Kauri Joinery Limited,,,,,114099168,9429829478361,72 Tui Terrace,Chartwell,Hamilton,3210,accounts@kaurijoinery.co.nz,accounts@kaurijoinery.co.nz,0223466617; 075079757,Active,2018-03-17,true,Medium,false,8,112537.98,0.00,Business Savings; Equipment Finance; Merchant Services; Overdraft; Term Deposit,true,true,2,H:HB-11268,H:HB-11268,H:HB-11268; T:00403993,
H:HB-11275,BUSINESS,Pukeko Transport Limited,,,,Pukeko Transport Limited,,,,,100752993,9429390891758,128 Nikau Road,Mount Maunganui,Tauranga,3116,accounts@pukekotransport.co.nz,accounts@pukekotransport.co.nz,072596377,Active,1997-10-03,true,Medium,false,6,508766.16,0.00,Business Everyday; Business Savings; Equipment Finance; Term Deposit,true,true,2,H:HB-11275,H:HB-11275,H:HB-11275; T:00403999,
H:HB-11283,BUSINESS,Tasman Vineyards Limited,,,,Tasman Vineyards Limited,,,,,135450288,9429879540300,90 Tui Road,Roslyn,Dunedin,9010,accounts@tasmanvineyards.co.nz,accounts@tasmanvineyards.co.nz,0276116457; 032613089,Active,2005-04-03,true,Medium,false,7,152086.08,1200000.00,Business Credit Card; Business Everyday; Business Savings; Equipment Finance,true,true,2,H:HB-11283,H:HB-11283,H:HB-11283; T:00404014,
H:HB-11284,BUSINESS,Summit Roofing Supplies Limited,,,,Summit Roofing Supplies Limited,,,,,131036371,9429356116491,229 Manuka Place,Mount Maunganui,Tauranga,3116,accounts@summitroofingsuppl.co.nz,accounts@summitroofingsuppl.co.nz,0279611617; 078426633,Active,2006-02-16,true,Medium,false,4,117270.30,1500000.00,Business Credit Card; Business Everyday; Business Savings; Equipment Finance; Merchant Services; Overdraft,true,true,2,H:HB-11284,H:HB-11284,H:HB-11284; T:00404040,
H:HB-11289,BUSINESS,Pacific Steel Distributors Limited,,,,Pacific Steel Distributors Limited,,,,,133324964,9429741030389,244 Ranui Avenue,Mount Eden,Auckland,1024,accounts@pacificsteeldistri.co.nz,accounts@pacificsteeldistri.co.nz,098002552,Active,2003-04-01,true,Medium,false,9,23957.58,80000.00,Business Everyday; Business Savings; Equipment Finance; Overdraft; Term Deposit,true,true,2,H:HB-11289,H:HB-11289,H:HB-11289; T:00404055,
H:HB-11297,BUSINESS,Rangitoto Security Services Limited,,,,Rangitoto Security Services Limited,,,,,102951568,9429127065796,"Unit 12, 223 Totara Drive",Frankton,Hamilton,3204,accounts@rangitotosecuritys.co.nz,accounts@rangitotosecuritys.co.nz,0276270848; 073466917,Active,1996-03-30,true,High,false,12,324146.58,1550000.00,Business Credit Card; Business Everyday; Merchant Services; Term Deposit,true,true,2,H:HB-11297,H:HB-11297,H:HB-11297; T:00404063,address differs (confirm current address)
H:HB-11306,BUSINESS,Lakeside Motor Group Limited,,,,Lakeside Motor Group Limited,,,,,123976974,9429222970235,145 Kauri Road,Chartwell,Hamilton,3210,accounts@lakesidemotorgroup.co.nz,accounts@lakesidemotorgroup.co.nz,078468714,Active,2016-05-22,true,High,false,4,471596.64,0.00,Business Everyday; Business Savings; Equipment Finance; Overdraft,true,true,2,H:HB-11306,H:HB-11306,H:HB-11306; T:00404083,
H:HB-11311,BUSINESS,Harvest Food Manufacturing Limited,,,,Harvest Food Manufacturing Limited,,,,,118856184,9429357674446,112 Great North Crescent,Frankton,Hamilton,3204,accounts@harvestfoodmanufac.co.nz,accounts@harvestfoodmanufac.co.nz,0279501191; 073751938,Active,2006-03-28,true,High,false,8,2558437.68,330000.00,Term Deposit,true,true,2,H:HB-11311,H:HB-11311,H:HB-11311; T:00404111,
H:HB-11312,BUSINESS,Moana Dental Group Limited,,,,Moana Dental Group Limited,,,,,101102958,9429256482958,140 Hill Crescent,Ponsonby,Auckland,1011,accounts@moanadentalgroup.co.nz,accounts@moanadentalgroup.co.nz,0226345555; 096838432,Active,2023-06-14,true,Medium,false,10,420649.92,0.00,Business Savings; Equipment Finance; Term Deposit,true,true,2,H:HB-11312,H:HB-11312,H:HB-11312; T:00404116,
H:HB-11314,BUSINESS,Ruru Accounting Limited,,,,Ruru Accounting Limited,,,,,117630673,9429693873071,108 Marine Avenue,Johnsonville,Wellington,6037,accounts@ruruaccounting.co.nz,accounts@ruruaccounting.co.nz,0271511949; 045578501,Active,1990-09-17,true,High,false,8,120712.20,0.00,Business Everyday; Business Savings; Merchant Services; Overdraft; Term Deposit,true,true,2,H:HB-11314,H:HB-11314,H:HB-11314; T:00404122,address differs (confirm current address)
H:HB-11315,BUSINESS,Kōwhai Physiotherapy Limited,,,,Kōwhai Physiotherapy Limited,Kowhai Physio,Kowhai Physio Ltd,,,121410752,9429177262075,206 Ranui Place,Chartwell,Hamilton,3210,accounts@kōwhaiphysiotherap.co.nz,accounts@kōwhaiphysiotherap.co.nz,0214894818; 077775726,Active,1998-04-08,true,Medium,false,8,241575.00,50000.00,Equipment Finance; Merchant Services; Overdraft,true,true,2,H:HB-11315,H:HB-11315,H:HB-11315; T:00404139,
H:HB-11322,BUSINESS,Fernbird Software Limited,,,,Fernbird Software Limited,,,,,122179441,9429701455762,82 Rimu Drive,Roslyn,Dunedin,9010,accounts@fernbirdsoftware.co.nz,accounts@fernbirdsoftware.co.nz,0299290609; 033195632,Active,2007-11-22,true,High,false,7,196735.50,1750000.00,Business Credit Card; Business Everyday; Business Savings; Merchant Services; Overdraft,true,true,2,H:HB-11322,H:HB-11322,H:HB-11322; T:00404168,
H:HB-11326,BUSINESS,Waitematā Marine Services Limited,,,,Waitematā Marine Services Limited,,,,,136062383,9429348321478,83 Victoria Road,St Clair,Dunedin,9012,accounts@waitematāmarineser.co.nz,accounts@waitematāmarineser.co.nz,0226420117; 032613724,Active,1996-07-01,true,High,false,4,153066.66,0.00,Business Credit Card; Equipment Finance; Merchant Services; Term Deposit,true,true,2,H:HB-11326,H:HB-11326,H:HB-11326; T:00404180,
H:HB-11334,BUSINESS,Northcote Bakery Limited,,,,Northcote Bakery Limited,,,,,130727715,9429935327694,71 Marine Drive,Otumoetai,Tauranga,3110,accounts@northcotebakery.co.nz,accounts@northcotebakery.co.nz,0216732000; 072944440,Active,1995-01-28,true,Low,false,6,300780.66,350000.00,Business Credit Card; Business Savings; Equipment Finance; Merchant Services; Term Deposit,true,true,2,H:HB-11334,H:HB-11334,H:HB-11334; T:00404189,address differs (confirm current address)
H:HB-11335,BUSINESS,Tūī Brewing Collective Limited,,,,Tūī Brewing Collective Limited,,,,,116153314,9429695047423,"Unit 6, 137 Clyde Crescent",Henderson,Auckland,0612,accounts@tūībrewingcollecti.co.nz,accounts@tūībrewingcollecti.co.nz,0226107886; 092204142,Active,2001-02-13,true,High,false,6,632404.38,0.00,Business Credit Card; Equipment Finance; Merchant Services; Overdraft; Term Deposit,true,true,2,H:HB-11335,H:HB-11335,H:HB-11335; T:00404197,address differs (confirm current address)
H:HB-11339,BUSINESS,Highland Property Management Limited,,,,Highland Property Management Limited,,,,,134310586,9429532708783,18 Kauri Street,Frankton,Hamilton,3204,accounts@highlandpropertyma.co.nz,accounts@highlandpropertyma.co.nz,0276582349; 074553067,Active,1996-07-30,true,High,false,9,113659.56,1500000.00,Overdraft; Term Deposit,true,true,2,H:HB-11339,H:HB-11339,H:HB-11339; T:00404206,
H:HB-11341,BUSINESS,Riverstone Veterinary Clinic Limited,,,,Riverstone Veterinary Clinic Limited,,,,,114918527,9429283768341,18 Totara Street,Papamoa,Tauranga,3118,accounts@riverstoneveterina.co.nz,accounts@riverstoneveterina.co.nz,0222771605; 075978085,Active,1997-05-05,false,Low,false,7,202960.56,1200000.00,Business Credit Card; Business Everyday; Equipment Finance; Merchant Services; Term Deposit,true,true,2,H:HB-11341,H:HB-11341,H:HB-11341; T:00404209,
H:HB-11343,BUSINESS,Kea Couriers Limited,,,,Kea Couriers Limited,,,,,133207488,9429606993507,"Unit 2, 235 Rata Road",Mount Eden,Auckland,1024,accounts@keacouriers.co.nz,accounts@keacouriers.co.nz,096225982,Active,2015-05-20,true,Medium,false,7,47992.68,80000.00,Business Credit Card; Business Everyday; Business Savings; Equipment Finance; Overdraft,true,true,2,H:HB-11343,H:HB-11343,H:HB-11343; T:00404214,address differs (confirm current address)
T:00401557,PERSON,Mele L White,Mele,L,White,,,,2005-08-07,F,117079464,,237 Nikau Street,Mornington,Dunedin,9011,mele93@hotmail.com,mele93@hotmail.com,0211469693,Active,1988-05-24,true,Medium,false,1,952.20,716934.53,Home Loan; Term Deposit,true,false,1,T:00401557,T:00401557,T:00401557,
T:00401571,PERSON,Nikolai Smith,Nikolai,,Smith,,,,1945-09-11,M,127383511,,209 Ranui Terrace,,Dunedin,9012,nikolai23@hotmail.com,nikolai23@hotmail.com,0221907708,Active,2018-11-26,true,Low,false,1,11941.51,0.00,Term Deposit,true,false,1,T:00401571,T:00401571,T:00401571,
T:00401589,PERSON,Bob J White,Bob,J,White,,,,1944-02-24,M,139037326,,47 Matai Road,,Christchurch,8053,bob7@gmail.com,bob7@gmail.com,,Active,1999-02-17,true,Medium,false,2,3186.33,0.00,Everyday; Personal Loan; Savings,true,false,1,T:00401589,T:00401589,T:00401589,
T:00401592,PERSON,David Pohatu,David,,Pohatu,,,,1946-09-18,M,136825604,,"Unit 11, 235 Totara Terrace",Mount Maunganui,Tauranga,3116,david37@gmail.com,david37@gmail.com,0212266484; 079929698,Active,2003-05-24,true,Low,false,5,54570.89,140088.91,Everyday; Home Loan; Savings; Term Deposit,true,false,2,T:00401592,T:00401592,T:00401592; T:00404631,
T:00401600,PERSON,Leilani A Van Der Berg,Leilani,A,Van Der Berg,,,,1942-06-24,F,116565117,,"Unit 2, 246 Rimu Crescent",Mornington,Dunedin,9011,,,0272041786; 039008374,Deceased,1992-03-30,true,Medium,false,3,20219.34,0.00,Credit Card; Everyday; Savings,true,false,1,T:00401600,T:00401600,T:00401600,
T:00401624,PERSON,Anna L Van Der Berg,Anna,L,Van Der Berg,,,,1951-05-04,F,136518638,,210 Kauri Terrace,Sumner,Christchurch,8081,anna38@gmail.com,anna38@gmail.com,0228224665; 073801619,Active,2008-01-21,false,High,false,4,4219.92,0.00,Insurance,true,false,1,T:00401624,T:00401624,T:00401624,
T:00401647,PERSON,Grace Ahmed,Grace,,Ahmed,,,,2002-12-30,F,124939541,,"Unit 8, 185 Albert Avenue",St Clair,Dunedin,9012,grace61@gmail.com,grace61@gmail.com,0291783387; 036469861,Active,2013-08-20,true,Medium,false,1,764.48,0.00,Personal Loan; Term Deposit,true,false,1,T:00401647,T:00401647,T:00401647,
T:00401654,PERSON,Naomi Walker,Naomi,,Walker,,,,1976-10-06,F,138930034,,36 Kauri Avenue,Hillcrest,Hamilton,3216,naomi32@hotmail.com,naomi32@hotmail.com,0217010679; 072117759,Active,2022-11-22,true,Low,false,2,6227.26,401663.77,Home Loan; Insurance; Personal Loan,true,false,1,T:00401654,T:00401654,T:00401654,
T:00401678,PERSON,Fiona Macleod,Fiona,,Macleod,,,,2000-05-12,F,138058793,,"Unit 6, 101 Great North Road",,Christchurch,8081,fiona20@gmail.com,fiona20@gmail.com,0297736972,Dormant,2006-11-18,true,Low,false,3,2487.32,0.00,Everyday; Personal Loan,true,false,1,T:00401678,T:00401678,T:00401678,
T:00401697,PERSON,Jack Ngata,Jack,,Ngata,,,,1995-03-29,M,133363730,,165 Beach Drive,,Dunedin,9012,jack90@hotmail.com,jack90@hotmail.com,0215121778,Dormant,2004-03-13,false,Medium,false,3,11843.87,0.00,Insurance; Savings,true,false,1,T:00401697,T:00401697,T:00401697,
T:00401725,PERSON,Callum Parata,Callum,,Parata,,,,2001-07-13,M,113747355,,237 Ranui Crescent,Chartwell,Hamilton,3210,callum94@gmail.com,callum94@gmail.com,0297589752; 077607194,Dormant,2011-10-20,true,Medium,false,2,8883.32,0.00,Credit Card; Everyday; Term Deposit,true,false,1,T:00401725,T:00401725,T:00401725,
T:00401748,PERSON,T Benjamin Scot,T,Benjamin,Scot,,,,1990-07-07,M,,,"Unit 2, 110 Kereru Crescent",,Auckland,0622,,,0298091803,Active,2008-05-11,true,High,false,2,89698.38,0.00,Credit Card; Personal Loan; Savings,true,false,1,T:00401748,T:00401748,T:00401748,
T:00401777,PERSON,Mele J Pohatu,Mele,J,Pohatu,,,,2005-09-26,F,132981674,,90 Kauri Road,Otumoetai,Tauranga,3110,mele75@hotmail.com,mele75@hotmail.com,0216650940; 079505997,Active,2008-05-02,true,Medium,false,2,41024.20,0.00,Everyday; Personal Loan; Term Deposit,true,false,1,T:00401777,T:00401777,T:00401777,
T:00401788,PERSON,Christopher Macleod,Christopher,,Macleod,,,,1940-09-11,M,103793780,,70 Queen Drive,,Christchurch,8014,christopher93@xtra.co.nz,christopher93@xtra.co.nz,0221964406,Dormant,2019-06-06,true,Medium,false,4,1790.99,717822.30,Credit Card; Home Loan; Personal Loan,true,false,1,T:00401788,T:00401788,T:00401788,
T:00401806,PERSON,Nell P Campbell,Nell,P,Campbell,,,,1951-06-11,F,139659222,,"Unit 8, 38 Station Place",Papanui,Christchurch,8053,nell93@hotmail.com,nell93@hotmail.com,0218962423,Active,2006-12-11,true,High,false,2,7989.40,293429.73,Home Loan; Savings,true,false,1,T:00401806,T:00401806,T:00401806,
T:00401812,PERSON,Luca M Walker,Luca,M,Walker,,,,1986-05-29,M,117863789,,"Unit 11, 41 Ranui Street",Newtown,Wellington,6021,,,0272777766; 094729369,Dormant,1991-11-03,true,Low,false,3,11582.01,0.00,Savings,true,false,1,T:00401812,T:00401812,T:00401812,
T:00401830,PERSON,Susan Robinson,Susan,,Robinson,,,,1992-07-11,F,109606015,,115 Great North Drive,Riccarton,Christchurch,8011,susan42@xtra.co.nz,susan42@xtra.co.nz,0224098522,Active,1990-11-11,false,High,false,4,7400.61,796143.01,Home Loan; Savings,true,false,1,T:00401830,T:00401830,T:00401830,
T:00401840,PERSON,Steve Campbell,Steve,,Campbell,,,,2000-11-08,M,131709043,,174 Kauri Avenue,St Clair,Dunedin,9012,,,0225589574; 034096139,Dormant,1999-05-28,true,Low,false,4,2242.62,419558.05,Home Loan; Personal Loan; Term Deposit,true,false,1,T:00401840,T:00401840,T:00401840,
T:00401845,PERSON,Zoe Kennedy,Zoe,,Kennedy,,,,1962-02-13,F,139914631,,4 Pohutukawa Road,Onehunga,Auckland,1061,zoe58@xtra.co.nz,zoe58@xtra.co.nz,0292595212,Active,2022-07-11,true,Low,false,3,7945.91,0.00,Insurance; Savings,true,false,1,T:00401845,T:00401845,T:00401845,
T:00401867,PERSON,Mele Mcdonald,Mele,,Mcdonald,,,,1945-08-08,F,,,"Unit 11, 74 Nikau Terrace",Papamoa,Tauranga,3118,,,0227900059; 078827479,Dormant,1994-08-31,false,Medium,false,4,3123.32,0.00,Everyday; Term Deposit,true,false,1,T:00401867,T:00401867,T:00401867,
T:00401872,PERSON,Aisha Young,Aisha,,Young,,,,2004-04-30,F,115807123,,212 Manuka Terrace,Riccarton,Christchurch,8011,,,0292884361,Active,2002-05-02,true,High,false,4,2226.48,233840.12,Everyday; Home Loan; Personal Loan; Term Deposit,true,false,1,T:00401872,T:00401872,T:00401872,
T:00401882,PERSON,Oliver Walker,Oliver,,Walker,,,,1996-03-14,M,126146612,,135 Ranui Place,Mount Maunganui,Tauranga,3116,,,0225984804,Active,2010-08-28,true,Low,false,1,16823.72,597864.03,Credit Card; Home Loan; Savings,true,false,1,T:00401882,T:00401882,T:00401882,
T:00401890,PERSON,Sophie Tuhiwai,Sophie,,Tuhiwai,,,,1969-12-10,F,121868566,,156 Harbour Terrace,Miramar,Wellington,6022,,,0275685708; 048765764,Active,2021-03-31,true,Low,false,1,72235.77,0.00,Savings,true,false,1,T:00401890,T:00401890,T:00401890,
T:00401912,PERSON,Jun G Mitchell,Jun,G,Mitchell,,,,1959-06-20,M,137829040,,70 Albert Drive,Onehunga,Auckland,1061,jun47@xtra.co.nz,jun47@xtra.co.nz,0295839188,Dormant,1988-10-25,true,Low,false,1,2218.41,0.00,Credit Card; Everyday; Term Deposit,true,false,1,T:00401912,T:00401912,T:00401912,
T:00401922,PERSON,Ethan Nguyen,Ethan,,Nguyen,,,,1958-01-21,M,139909783,,82 Kowhai Road,Remuera,Auckland,1050,ethan86@gmail.com,ethan86@gmail.com,0212075716; 092724907,Active,2011-09-11,true,Low,false,3,11619.98,0.00,Credit Card; Insurance; Personal Loan,true,false,1,T:00401922,T:00401922,T:00401922,
T:00401947,PERSON,Mateo Te Rangi,Mateo,,Te Rangi,,,,2004-05-29,M,101189306,,112 Manuka Place,Frankton,Hamilton,3204,,,0225565366,Active,2015-11-16,true,Low,false,2,2760.48,0.00,Everyday; Personal Loan,true,false,1,T:00401947,T:00401947,T:00401947,
T:00401953,PERSON,Wiremu Tipene,Wiremu,,Tipene,,,,1959-01-18,M,109877980,,"Unit 11, 5 Station Road",Hillcrest,Hamilton,3216,wiremu83@gmail.com,wiremu83@gmail.com,0294158164; 072269826,Active,2011-10-17,true,Medium,false,1,7733.06,168027.56,Home Loan; Insurance; Savings,true,false,1,T:00401953,T:00401953,T:00401953,
T:00401975,PERSON,Olivia M Harris,Olivia,M,Harris,,,,2002-06-22,F,116432878,,112 Station Terrace,Chartwell,Hamilton,3210,,,0296834953; 073993295,Active,2022-06-24,true,Medium,false,3,1495.70,0.00,Credit Card; Personal Loan; Term Deposit,true,false,1,T:00401975,T:00401975,T:00401975,
T:00401995,PERSON,Elizabeth Te Rangi,Elizabeth,,Te Rangi,,,,2000-02-12,F,132430135,,88 Clyde Drive,Chartwell,Hamilton,3210,,,073858488,Active,1993-03-29,true,Medium,false,2,4320.72,0.00,Credit Card; Insurance,true,false,1,T:00401995,T:00401995,T:00401995,
T:00401998,PERSON,Mere J Kennedy,Mere,J,Kennedy,,,,2005-06-08,F,128045276,,203 Rata Street,Sumner,Christchurch,8081,,,0214952861,Active,1990-09-18,true,High,false,4,8214.72,0.00,Credit Card; Insurance,true,false,1,T:00401998,T:00401998,T:00401998,
T:00402004,PERSON,Hannah White,Hannah,,White,,,,1946-05-30,F,105709674,,60 Great North Avenue,Otumoetai,Tauranga,3110,,,0226855133; 039166254,Active,1994-08-13,false,High,false,1,841.85,474352.24,Home Loan; Personal Loan,true,false,1,T:00402004,T:00402004,T:00402004,
T:00402005,PERSON,Steve Chen,Steve,,Chen,,,,1941-08-10,M,,,"Unit 6, 78 Kereru Street",Mount Eden,Auckland,1024,,,0273299962,Active,2020-05-18,true,Medium,false,2,1505.39,0.00,Everyday,true,false,1,T:00402005,T:00402005,T:00402005,
T:00402030,PERSON,Helen Fonoti,Helen,,Fonoti,,,,1953-03-06,F,,,188 Totara Place,Henderson,Auckland,0612,helen78@gmail.com,helen78@gmail.com,0274233849; 096287403,Active,1994-08-10,true,Low,false,2,2754.50,0.00,Everyday; Savings; Term Deposit,true,false,1,T:00402030,T:00402030,T:00402030,
T:00402040,PERSON,Tevita K Faleolo,Tevita,K,Faleolo,,,,1995-07-02,M,,,70 Park Terrace,Onehunga,Auckland,1061,,,0218503762,Active,1999-09-07,true,Medium,false,4,15040.27,273590.32,Credit Card; Everyday; Home Loan,true,false,1,T:00402040,T:00402040,T:00402040,
T:00402060,PERSON,William Ahmed,William,,Ahmed,,,,1956-11-30,M,103345020,,18 Ranui Drive,Sumner,Christchurch,8081,william61@gmail.com,william61@gmail.com,0228224018; 039752389,Active,2003-12-29,false,Medium,false,3,5800.42,0.00,Credit Card; Savings,true,false,1,T:00402060,T:00402060,T:00402060,
T:00402081,PERSON,Jun Robinson,Jun,,Robinson,,,,1949-02-11,M,118425144,,216 Matai Crescent,Otumoetai,Tauranga,3110,,,0224924038,Active,1997-04-28,true,Medium,false,4,10112.37,0.00,Everyday; Term Deposit,true,false,1,T:00402081,T:00402081,T:00402081,
T:00402108,PERSON,Tony Clarke,Tony,,Clarke,,,,1979-06-22,M,,,82 Hill Terrace,Mount Maunganui,Tauranga,3116,tony58@hotmail.com,tony58@hotmail.com,0279647322; 072725946,Active,2011-11-18,false,Medium,false,1,20001.84,168484.58,Home Loan; Insurance,true,false,1,T:00402108,T:00402108,T:00402108,
T:00402125,PERSON,Peter L O'brien,Peter,L,O'brien,,,,1974-11-10,M,123716993,,"Unit 7, 188 Victoria Terrace",Papanui,Christchurch,8053,,,0272934658; 034063607,Active,2016-12-23,false,Medium,false,4,15172.07,0.00,Credit Card; Term Deposit,true,false,1,T:00402125,T:00402125,T:00402125,
T:00402144,PERSON,Helen Smith,Helen,,Smith,,,,1942-12-26,F,123072290,,127 Station Place,Miramar,Wellington,6022,,,,Dormant,1991-12-29,false,Low,true,2,14874.29,0.00,Insurance,true,false,1,T:00402144,T:00402144,T:00402144,
T:00402164,PERSON,Joshua Smith,Joshua,,Smith,,,,1941-04-08,M,111063739,,217 Church Avenue,Johnsonville,Wellington,6037,joshua93@gmail.com,joshua93@gmail.com,049774008,Active,2023-09-04,false,Medium,false,1,1026.85,0.00,Credit Card; Personal Loan,true,false,1,T:00402164,T:00402164,T:00402164,
T:00402190,PERSON,Emily Ahmed,Emily,,Ahmed,,,,1995-08-04,F,101180638,,70 Kereru Place,Chartwell,Hamilton,3210,,,0215844200,Active,1997-01-03,true,Low,false,2,14003.45,0.00,Personal Loan; Savings; Term Deposit,true,false,1,T:00402190,T:00402190,T:00402190,
T:00402193,PERSON,Andrew Kim,Andrew,,Kim,,,,1954-09-09,M,119625538,,167 Park Avenue,Mount Maunganui,Tauranga,3116,,,0214914649,Active,2021-04-24,false,High,false,1,30413.41,0.00,Everyday; Personal Loan,true,false,1,T:00402193,T:00402193,T:00402193,
T:00402203,PERSON,Chloe Te Rangi,Chloe,,Te Rangi,,,,1942-06-22,F,115397725,,"Unit 1, 89 Church Avenue",,Auckland,1050,chloe94@gmail.com,chloe94@gmail.com,0296311577; 033828273,Active,1996-04-13,true,Medium,false,4,1419.52,268835.57,Home Loan; Insurance,true,false,1,T:00402203,T:00402203,T:00402203,
T:00402208,PERSON,Jessica Fitzgerald,Jessica,,Fitzgerald,,,,1997-12-21,F,122656063,,224 Kowhai Place,Papanui,Christchurch,8053,,,0215380889; 036527858,Active,2025-05-13,false,Medium,false,2,97336.87,0.00,Insurance,true,false,1,T:00402208,T:00402208,T:00402208,
T:00402237,PERSON,Ananya Young,Ananya,,Young,,,,1988-08-04,F,137594115,,233 Park Street,Mornington,Dunedin,9011,,,0271762393; 038375902,Active,1993-02-07,false,Low,false,3,13221.25,0.00,Credit Card; Everyday,true,false,1,T:00402237,T:00402237,T:00402237,
T:00402239,PERSON,Jennifer J Martin,Jennifer,J,Martin,,,,1960-04-17,F,125716404,,117 Hill Street,Henderson,Auckland,0612,,,0226894066,Active,2020-08-06,true,Medium,false,2,6367.10,0.00,Insurance; Personal Loan,true,false,1,T:00402239,T:00402239,T:00402239,
T:00402246,PERSON,Ananya Van Der Berg,Ananya,,Van Der Berg,,,,1978-08-26,F,129380168,,94 Beach Drive,Chartwell,Hamilton,3210,,,0215667972,Active,1992-11-03,false,Low,false,2,32857.22,165746.54,Everyday; Home Loan; Personal Loan; Term Deposit,true,false,1,T:00402246,T:00402246,T:00402246,
T:00402267,PERSON,Emily A Mcdonald,Emily,A,Mcdonald,,,,1997-02-14,F,119675686,,72 Victoria Street,Mount Eden,Auckland,1024,emily73@xtra.co.nz,emily73@xtra.co.nz,0227494617,Active,2019-01-09,true,Medium,false,2,13463.96,309774.80,Home Loan; Personal Loan,true,false,1,T:00402267,T:00402267,T:00402267,
T:00402294,PERSON,Ananya Mcdonald,Ananya,,Mcdonald,,,,2002-12-04,F,130342744,,50 Clyde Terrace,St Clair,Dunedin,9012,,,0218170972; 035162071,Active,1994-12-03,true,Low,false,3,12003.29,646630.84,Credit Card; Everyday; Home Loan; Savings,true,false,1,T:00402294,T:00402294,T:00402294,
T:00402306,PERSON,Rick Ngata,Rick,,Ngata,,,,1972-01-05,M,,,53 Matai Place,Miramar,Wellington,6022,rick39@gmail.com,rick39@gmail.com,0291481539; 045189258,Dormant,1990-02-08,false,Low,false,4,38080.04,680090.11,Home Loan; Personal Loan,true,false,1,T:00402306,T:00402306,T:00402306,
T:00402322,PERSON,Mei Smith,Mei,,Smith,,,,2005-11-18,F,118924001,,101 Ranui Road,Henderson,Auckland,0612,,,0223004688; 097722007,Active,2019-09-04,false,Low,false,1,6889.68,0.00,Term Deposit,true,false,1,T:00402322,T:00402322,T:00402322,
T:00402347,PERSON,Helen Murray,Helen,,Murray,,,,1944-05-14,F,125541167,,52 Great North Road,Karori,Wellington,6012,helen93@xtra.co.nz,helen93@xtra.co.nz,0216765585,Active,2015-11-06,true,Low,false,1,1869.07,305880.32,Everyday; Home Loan; Term Deposit,true,false,1,T:00402347,T:00402347,T:00402347,
T:00402362,PERSON,Vicky Li,Vicky,,Li,,,,1992-04-29,F,111387503,,"Unit 4, 29 Kereru Crescent",Newtown,Wellington,6021,vicky1@gmail.com,vicky1@gmail.com,0221895855; 047155005,Active,2010-07-09,false,Low,false,4,10369.51,597873.88,Credit Card; Everyday; Home Loan; Savings,true,false,1,T:00402362,T:00402362,T:00402362,
T:00402369,PERSON,Jess Wang,Jess,,Wang,,,,1947-05-25,F,133825711,,11 Ranui Crescent,,Wellington,6022,jess74@gmail.com,jess74@gmail.com,0291741041; 042519459,Active,1994-04-27,true,Low,false,3,1979.95,0.00,Term Deposit,true,false,1,T:00402369,T:00402369,T:00402369,
T:00402372,PERSON,Aroha Reid,Aroha,,Reid,,,,1986-09-30,F,,,246 Queen Terrace,Merivale,Christchurch,8014,,,0224925137,Active,2011-02-16,true,Low,false,4,4100.19,0.00,Savings,true,false,1,T:00402372,T:00402372,T:00402372,
T:00402384,PERSON,Tom Parata,Tom,,Parata,,,,1940-01-11,M,100853352,,193 Seaview Drive,Riccarton,Christchurch,8011,tom90@xtra.co.nz,tom90@xtra.co.nz,0223894183; 035837411,Active,1995-08-23,false,Medium,false,4,39355.65,685768.41,Home Loan; Personal Loan,true,false,1,T:00402384,T:00402384,T:00402384,
T:00402399,PERSON,Ananya Pohatu,Ananya,,Pohatu,,,,1991-07-26,F,135553453,,107 Tui Place,Mount Eden,Auckland,1024,ananya68@gmail.com,ananya68@gmail.com,0228671146; 032329853,Dormant,1999-12-30,false,Medium,false,3,4359.04,0.00,Everyday; Personal Loan; Savings,true,false,1,T:00402399,T:00402399,T:00402399,
T:00402420,PERSON,Mele Chen,Mele,,Chen,,,,1981-04-24,F,127197529,,48 Clyde Avenue,Hillcrest,Hamilton,3216,mele81@gmail.com,mele81@gmail.com,0211022800,Active,2018-02-26,true,Medium,false,1,8276.26,0.00,Insurance; Personal Loan,true,false,1,T:00402420,T:00402420,T:00402420,
T:00402434,PERSON,Kiri Kennedy,Kiri,,Kennedy,,,,1976-06-13,F,134627851,,25 Pohutukawa Crescent,,Auckland,1011,kiri11@hotmail.com,kiri11@hotmail.com,0214092345; 079262121,Active,1992-12-23,true,Low,false,2,9465.22,209026.33,Credit Card; Everyday; Home Loan,true,false,1,T:00402434,T:00402434,T:00402434,
T:00402453,PERSON,Amelia Wilson,Amelia,,Wilson,,,,2001-09-05,F,124354133,,148 Queen Avenue,,Auckland,0612,amelia83@hotmail.com,amelia82@gmail.com; amelia83@hotmail.com,0224457347,Active,2005-03-21,true,Medium,false,3,55279.42,0.00,Everyday; Savings,true,false,2,T:00402453,T:00402453,T:00402453; T:00404564,
T:00402472,PERSON,Robert Ahmed,Robert,,Ahmed,,,,1960-02-21,M,137047387,,42 Queen Street,St Clair,Dunedin,9012,robert99@hotmail.com,robert99@hotmail.com,0212464024,Active,2020-04-03,true,Medium,false,1,21844.70,612943.66,Everyday; Home Loan; Personal Loan; Savings,true,false,1,T:00402472,T:00402472,T:00402472,
T:00402486,PERSON,Mele Kennedy,Mele,,Kennedy,,,,2002-12-27,F,107174802,,"Unit 12, 151 Hill Avenue",St Clair,Dunedin,9012,,,036595557,Active,1999-06-15,true,Low,false,4,25129.10,0.00,Personal Loan; Savings; Term Deposit,true,false,1,T:00402486,T:00402486,T:00402486,
T:00402502,PERSON,Nikolai Walker,Nikolai,,Walker,,,,1998-03-05,M,111619889,,212 Beach Crescent,Halswell,Christchurch,8025,,,0222342229; 035054620,Active,1992-11-15,true,High,false,4,18024.10,0.00,Credit Card; Savings,true,false,1,T:00402502,T:00402502,T:00402502,
T:00402532,PERSON,Luca Mcdonald,Luca,,Mcdonald,,,,1978-10-21,M,125943521,,"Unit 10, 203 Park Avenue",Roslyn,Dunedin,9010,,,032712197,Active,2022-01-29,true,Low,false,1,25349.92,674771.44,Credit Card; Everyday; Home Loan,true,false,1,T:00402532,T:00402532,T:00402532,
T:00402557,PERSON,Anahera P Thompson,Anahera,P,Thompson,,,,2007-11-18,F,106681747,,110 Kereru Crescent,Mount Eden,Auckland,1024,,,0272766423; 096877568,Active,2024-07-30,true,High,false,4,13318.38,0.00,Credit Card; Insurance,true,false,1,T:00402557,T:00402557,T:00402557,
T:00402560,PERSON,Lucy Martin,Lucy,,Martin,,,,1977-03-20,F,,,"Unit 8, 223 Nikau Street",Roslyn,Dunedin,9010,,,0293344532; 038867467,Active,1988-03-14,true,Medium,false,1,2663.14,0.00,Credit Card; Term Deposit,true,false,1,T:00402560,T:00402560,T:00402560,
T:00402569,PERSON,Namoi M Chen,Namoi,M,Chen,,,,1975-07-03,F,109430222,,226 Rata Avenue,,Dunedin,9010,,,0222799952; 072224134,Dormant,2003-10-21,true,Low,false,1,18397.87,0.00,Credit Card; Personal Loan; Savings,true,false,1,T:00402569,T:00402569,T:00402569,
T:00402572,PERSON,Peter Parata,Peter,,Parata,,,,1994-02-28,M,123068843,,"Unit 5, 73 Clyde Street",,Wellington,6021,peter8@xtra.co.nz,peter8@xtra.co.nz,0279957698,Active,2014-05-27,true,High,false,3,17805.10,0.00,Credit Card; Savings,true,false,1,T:00402572,T:00402572,T:00402572,
T:00402592,PERSON,Xin O'brien,Xin,,O'brien,,,,1966-06-09,F,117103174,,151 Kereru Road,Chartwell,Hamilton,3210,,,0226002812; 074096463,Active,2009-04-28,true,Low,false,4,16990.72,656854.57,Credit Card; Home Loan; Personal Loan; Term Deposit,true,false,1,T:00402592,T:00402592,T:00402592,
T:00402598,PERSON,Ethan Ngata,Ethan,,Ngata,,,,1980-08-03,M,114103019,,110 Queen Street,Newtown,Wellington,6021,ethan45@gmail.com,ethan45@gmail.com,0213847172; 045949912,Active,1991-09-16,true,Medium,false,1,71605.88,0.00,Insurance,true,false,1,T:00402598,T:00402598,T:00402598,
T:00402614,PERSON,Sam P Ahmed,Sam,P,Ahmed,,,,1944-05-09,M,136616582,,147 Church Road,Takapuna,Auckland,0622,sam80@hotmail.com,sam24@gmail.com; sam80@hotmail.com,0229804415,Active,1993-05-15,true,Medium,false,3,10606.21,474571.27,Everyday; Home Loan; Insurance; Savings,true,false,2,T:00402614,T:00404605,T:00402614; T:00404605,
T:00402640,PERSON,D Mateo L Rei,D,Mateo L,Rei,,,,1993-03-23,M,106753452,,114 Church Place,,Wellington,6012,,,0217194868; 046275744,Active,2012-03-29,true,Low,false,1,6270.96,0.00,Insurance; Term Deposit,true,false,1,T:00402640,T:00402640,T:00402640,
T:00402659,PERSON,Oliver Li,Oliver,,Li,,,,2006-03-03,M,118485651,,"Unit 12, 34 Clyde Street",Remuera,Auckland,1050,,,0273061204; 097045111,Active,2010-01-08,false,Medium,false,3,5902.01,0.00,Everyday; Insurance; Personal Loan,true,false,1,T:00402659,T:00402659,T:00402659,
T:00402680,PERSON,Oliver G Johansson,Oliver,G,Johansson,,,,1992-10-14,M,113807640,,"Unit 10, 41 Queen Road",Merivale,Christchurch,8014,oliver37@gmail.com,oliver37@gmail.com,0226444461,Active,1996-05-06,false,Medium,false,2,14602.51,0.00,Everyday,true,false,1,T:00402680,T:00402680,T:00402680,
T:00402696,PERSON,Tane Patel,Tane,,Patel,,,,1966-01-19,M,118462134,,128 Beach Road,Mornington,Dunedin,9011,tane30@gmail.com,tane30@gmail.com,0274445338; 035617240,Active,2024-04-06,true,High,false,3,6165.42,0.00,Insurance; Personal Loan; Term Deposit,true,false,1,T:00402696,T:00402696,T:00402696,
T:00402704,PERSON,Zoe Fitzgerald,Zoe,,Fitzgerald,,,,1953-06-08,F,130824184,,198 Totara Terrace,,Tauranga,3116,,,0274533558; 075718647,Dormant,2021-09-13,true,High,false,3,6326.13,0.00,Everyday,true,false,1,T:00402704,T:00402704,T:00402704,
T:00402715,PERSON,Jun Mitchell,Jun,,Mitchell,,,,1966-02-28,M,138492199,,"Unit 5, 236 Clyde Crescent",Riccarton,Christchurch,8011,,,0291670789; 037881836,Active,1988-10-04,true,High,false,2,9302.00,0.00,Everyday; Personal Loan; Savings,true,false,1,T:00402715,T:00402715,T:00402715,
T:00402739,PERSON,Tony Kennedy,Tony,,Kennedy,,,,1981-05-30,M,122295992,,"Unit 2, 156 Great North Drive",Karori,Wellington,6012,tony36@xtra.co.nz,tony36@xtra.co.nz,0213245231,Active,2013-03-14,true,Low,false,4,5265.31,0.00,Insurance,true,false,1,T:00402739,T:00402739,T:00402739,
T:00402764,PERSON,Grace Sharma,Grace,,Sharma,,,,1956-03-19,F,,,184 Queen Terrace,Hillcrest,Hamilton,3216,,,,Active,2025-02-06,false,High,false,2,29195.08,408170.81,Home Loan; Personal Loan; Savings; Term Deposit,true,false,1,T:00402764,T:00402764,T:00402764,
T:00402770,PERSON,Liam P Kennedy,Liam,P,Kennedy,,,,1999-02-13,M,125971209,,165 Rata Place,Halswell,Christchurch,8025,liam81@gmail.com,liam81@gmail.com,0214393607; 033556359,Active,1999-11-24,true,Low,false,4,31726.95,0.00,Insurance; Personal Loan,true,false,1,T:00402770,T:00402770,T:00402770,
T:00402777,PERSON,Arjun Scott,Arjun,,Scott,,,,1961-07-21,M,125422562,,140 Kereru Road,Chartwell,Hamilton,3210,arjun22@hotmail.com,arjun22@hotmail.com,0293709219; 075775396,Active,2013-09-28,false,Medium,false,2,3914.35,0.00,Credit Card; Insurance; Term Deposit,true,false,1,T:00402777,T:00402777,T:00402777,
T:00402806,PERSON,Daniel Anderson,Daniel,,Anderson,,,,1982-09-07,M,102000501,,88 Beach Road,Mornington,Dunedin,9011,daniel43@gmail.com,daniel43@gmail.com,0293640978,Active,2024-10-03,true,Low,false,3,8522.70,0.00,Credit Card; Insurance; Term Deposit,true,false,1,T:00402806,T:00402806,T:00402806,
T:00402815,PERSON,Elizabeth J Tipene,Elizabeth,J,Tipene,,,,1957-07-22,F,108489297,,"Unit 11, 123 Park Terrace",Mornington,Dunedin,9011,elizabeth16@gmail.com,elizabeth16@gmail.com,0273442473; 036117183,Active,2026-06-10,false,Medium,false,4,1720.10,510259.90,Credit Card; Everyday; Home Loan; Personal Loan,true,false,1,T:00402815,T:00402815,T:00402815,
T:00402821,PERSON,Sione J Ahmed,Sione,J,Ahmed,,,,1968-05-05,M,109411423,,188 Manuka Crescent,Otumoetai,Tauranga,3110,sione42@hotmail.com,sione42@hotmail.com,0272463871,Active,2014-07-19,true,Medium,false,4,59512.78,0.00,Insurance,true,false,1,T:00402821,T:00402821,T:00402821,
T:00402830,PERSON,Mei Scott,Mei,,Scott,,,,1990-12-01,F,139822644,,231 Victoria Place,Riccarton,Christchurch,8011,mei20@xtra.co.nz,mei20@xtra.co.nz,0297403706; 038389398,Active,1994-11-13,true,High,false,3,47082.20,0.00,Everyday; Insurance; Savings; Term Deposit,true,false,2,T:00402830,T:00402830,T:00402830; T:00404550,
T:00402858,PERSON,Jun L Johansson,Jun,L,Johansson,,,,1981-02-01,M,126193572,,168 Nikau Crescent,Frankton,Hamilton,3204,jun30@gmail.com,jun30@gmail.com,0291114790; 076939322,Active,2018-10-02,true,Low,false,2,5896.42,0.00,Credit Card; Term Deposit,true,false,1,T:00402858,T:00402858,T:00402858,
T:00402861,PERSON,Emily Te Rangi,Emily,,Te Rangi,,,,2000-01-15,F,106278977,,172 Seaview Place,Newtown,Wellington,6021,emily54@xtra.co.nz,emily54@xtra.co.nz,0213393535,Active,2015-12-22,true,Low,false,4,48482.79,0.00,Savings; Term Deposit,true,false,1,T:00402861,T:00402861,T:00402861,
T:00402878,PERSON,Sophie Smith,Sophie,,Smith,,,,1966-06-09,F,107962125,,14 Beach Road,Sumner,Christchurch,8081,sophie52@gmail.com,sophie52@gmail.com,0226264350; 073077504,Dormant,2003-08-22,false,Low,false,1,132684.48,0.00,Insurance,true,false,1,T:00402878,T:00402878,T:00402878,
T:00402893,PERSON,Hamish Ngata,Hamish,,Ngata,,,,1941-10-26,M,121484720,,222 Totara Terrace,St Clair,Dunedin,9012,,,0292699077,Active,2012-11-18,true,High,false,1,2260.39,727791.19,Credit Card; Home Loan; Insurance; Personal Loan,true,false,1,T:00402893,T:00402893,T:00402893,
T:00402894,PERSON,Lucy O'brien,Lucy,,O'brien,,,,1982-04-01,F,121371672,,61 Totara Drive,Papamoa,Tauranga,3118,,,0214619957,Active,2007-07-11,true,Medium,false,1,15806.77,387315.20,Home Loan; Term Deposit,true,false,1,T:00402894,T:00402894,T:00402894,
T:00402916,PERSON,Christopher Chen,Christopher,,Chen,,,,1949-06-16,M,137811712,,56 Seaview Drive,,Auckland,1024,christopher21@gmail.com,christopher21@gmail.com,0214250785; 099566055,Active,2020-01-04,true,Medium,false,3,29786.54,0.00,Credit Card; Everyday,true,false,1,T:00402916,T:00402916,T:00402916,
T:00402924,PERSON,Zoe White,Zoe,,White,,,,1947-01-12,F,139823332,,"Unit 11, 188 Nikau Crescent",Mornington,Dunedin,9011,,,0273353590; 032437646,Active,1990-12-01,true,Low,false,4,24334.57,714118.71,Home Loan; Insurance,true,false,1,T:00402924,T:00402924,T:00402924,
T:00402944,PERSON,Richard Van Der Berg,Richard,,Van Der Berg,,,,1951-12-29,M,130635318,,"Unit 7, 158 Kauri Drive",Hillcrest,Hamilton,3216,richard87@gmail.com,richard87@gmail.com,0276703531; 078467557,Active,1991-08-25,true,Medium,false,2,348.83,0.00,Insurance,true,false,1,T:00402944,T:00402944,T:00402944,
T:00402956,PERSON,Joshua J White,Joshua,J,White,,,,1996-12-30,M,,,42 Marine Drive,Sumner,Christchurch,8081,joshua71@gmail.com,joshua71@gmail.com,0229156255,Active,2009-06-08,true,Low,false,1,15322.37,787948.74,Home Loan; Insurance; Personal Loan; Term Deposit,true,false,1,T:00402956,T:00402956,T:00402956,
T:00402970,PERSON,Mere Chen,Mere,,Chen,,,,1988-08-24,F,,,"Unit 11, 70 Queen Road",Chartwell,Hamilton,3210,mere51@hotmail.com,mere51@hotmail.com,0213630705,Active,2003-12-01,true,Medium,false,1,6191.10,178837.72,Credit Card; Home Loan,true,false,1,T:00402970,T:00402970,T:00402970,
T:00402979,PERSON,Rawiri K White,Rawiri,K,White,,,,1944-11-16,M,,,123 Beach Crescent,Papamoa,Tauranga,3118,rawiri79@hotmail.com,rawiri79@hotmail.com,072174418,Active,1998-06-22,true,Low,false,2,1761.80,0.00,Personal Loan; Savings,true,false,1,T:00402979,T:00402979,T:00402979,
T:00403002,PERSON,Rachel J Ngata,Rachel,J,Ngata,,,,1967-08-05,F,113096517,,106 Totara Road,Kelburn,Wellington,6012,rachel51@gmail.com,rachel51@gmail.com,0227059904,Active,2005-03-18,true,Low,false,1,17809.16,0.00,Personal Loan,true,false,1,T:00403002,T:00403002,T:00403002,
T:00403006,PERSON,Hemi Tuhiwai,Hemi,,Tuhiwai,,,,1973-09-13,M,124298893,,17 Church Road,Kelburn,Wellington,6012,hemi86@xtra.co.nz,hemi86@xtra.co.nz,049245036,Active,2019-01-17,false,Medium,false,2,17897.43,0.00,Everyday; Insurance; Personal Loan,true,false,1,T:00403006,T:00403006,T:00403006,
T:00403035,PERSON,Liam G Campbell,Liam,G,Campbell,,,,1944-08-03,M,137466376,,"Unit 5, 10 Kauri Drive",Hillcrest,Hamilton,3216,liam2@hotmail.com,liam2@hotmail.com,0271711120; 076009765,Deceased,2004-04-30,true,Medium,false,3,6207.33,0.00,Everyday; Personal Loan; Term Deposit,true,false,1,T:00403035,T:00403035,T:00403035,
T:00403046,PERSON,Hemi Van Der Berg,Hemi,,Van Der Berg,,,,1960-12-06,M,134689185,,97 Totara Avenue,Mount Eden,Auckland,1024,,,0272669395; 096319904,Active,1996-05-08,true,Medium,false,3,43551.19,578294.71,Everyday; Home Loan; Savings,true,false,1,T:00403046,T:00403046,T:00403046,
T:00403073,PERSON,Sophie M Scott,Sophie,M,Scott,,,,1955-12-02,F,129730941,,"Unit 10, 201 Tui Crescent",Papamoa,Tauranga,3118,sophie40@xtra.co.nz,sophie40@xtra.co.nz,0226210969,Active,2011-01-28,true,Low,false,3,68092.94,215385.89,Credit Card; Home Loan; Personal Loan,true,false,1,T:00403073,T:00403073,T:00403073,
T:00403099,PERSON,Mei M Reid,Mei,M,Reid,,,,2006-10-12,F,121636847,,49 Queen Avenue,,Dunedin,9011,,,0293233205,Active,1995-02-13,true,Low,false,2,8494.51,0.00,Credit Card; Insurance,true,false,1,T:00403099,T:00403099,T:00403099,
T:00403121,PERSON,Oliver Fonoti,Oliver,,Fonoti,,,,1974-09-02,M,114749827,,89 Kowhai Drive,Mount Maunganui,Tauranga,3116,oliver11@hotmail.com,oliver11@hotmail.com,0228906644,Dormant,2009-10-18,true,Medium,false,2,4910.44,720605.62,Home Loan; Personal Loan; Savings; Term Deposit,true,false,1,T:00403121,T:00403121,T:00403121,
T:00403148,PERSON,Mike G Wilson,Mike,G,Wilson,,,,1984-11-03,M,,,226 Station Street,,Wellington,6037,mike80@gmail.com,mike80@gmail.com,0277825311,Active,2011-08-25,true,Medium,false,1,10251.19,0.00,Personal Loan,true,false,1,T:00403148,T:00403148,T:00403148,
T:00403161,PERSON,Nell Harris,Nell,,Harris,,,,1942-11-04,F,117938822,,"Unit 1, 54 Station Terrace",Frankton,Hamilton,3204,nell48@hotmail.com,nell48@hotmail.com,0216432851; 078831683,Active,2023-03-26,false,Low,false,1,9288.55,0.00,Everyday; Personal Loan; Savings,true,false,1,T:00403161,T:00403161,T:00403161,
T:00403169,PERSON,Oliver Li,Oliver,,Li,,,,1971-06-14,M,107934245,,40 Albert Crescent,Papamoa,Tauranga,3118,,,0217340358,Dormant,1988-09-24,true,High,false,4,2581.22,0.00,Credit Card; Savings,true,false,1,T:00403169,T:00403169,T:00403169,
T:00403198,PERSON,Vicky Kim,Vicky,,Kim,,,,1965-08-19,F,111881667,,143 Kauri Road,Sumner,Christchurch,8081,vicky52@hotmail.com,vicky52@hotmail.com,0216531933; 038577108,Active,2002-11-28,false,High,false,4,2345.90,479766.36,Home Loan; Personal Loan; Term Deposit,true,false,1,T:00403198,T:00403198,T:00403198,
T:00403204,PERSON,Zoe Taylor,Zoe,,Taylor,,,,1996-08-23,F,102440640,,"Unit 3, 199 Station Drive",Mount Maunganui,Tauranga,3116,zoe79@gmail.com,zoe79@gmail.com,,Active,1988-06-23,false,Medium,false,1,4455.81,658099.10,Credit Card; Home Loan; Savings; Term Deposit,true,false,1,T:00403204,T:00403204,T:00403204,
T:00403219,PERSON,Kiri Martin,Kiri,,Martin,,,,1998-06-06,F,128762886,,"Unit 5, 14 Hill Avenue",Mount Maunganui,Tauranga,3116,kiri9@gmail.com,kiri9@gmail.com,0277403573; 074019667,Dormant,1995-08-04,true,High,false,1,9650.05,0.00,Credit Card; Everyday; Insurance,true,false,1,T:00403219,T:00403219,T:00403219,
T:00403233,PERSON,Losa Williams,Losa,,Williams,,,,1955-05-30,F,117381540,,222 Matai Drive,Mount Maunganui,Tauranga,3116,,,0227499053,Active,2000-04-25,true,Low,false,1,13947.77,563309.33,Credit Card; Everyday; Home Loan,true,false,1,T:00403233,T:00403233,T:00403233,
T:00403239,PERSON,Rawiri Scott,Rawiri,,Scott,,,,1949-06-10,M,100698827,,202 Victoria Drive,Kelburn,Wellington,6012,,,0276401448; 048653000,Active,2013-10-27,true,Low,false,5,35984.39,704318.99,Everyday; Insurance; Savings; Term Deposit,true,false,2,T:00403239,T:00404533,T:00403239; T:00404533,
T:00403260,PERSON,Luca Sharma,Luca,,Sharma,,,,1979-10-26,M,120867416,,114 Albert Crescent,Otumoetai,Tauranga,3110,luca73@gmail.com,luca73@gmail.com,0214401744; 078889528,Active,2011-06-01,true,Low,false,2,10848.78,0.00,Insurance,true,false,1,T:00403260,T:00403260,T:00403260,
T:00403281,PERSON,Hamish J Macleod,Hamish,J,Macleod,,,,1982-11-25,M,106567225,,115 Marine Crescent,Sumner,Christchurch,8081,,,,Active,2025-05-31,true,Low,false,1,12517.11,0.00,Insurance; Savings,true,false,1,T:00403281,T:00403281,T:00403281,
T:00403289,PERSON,Victoria Tuhiwai,Victoria,,Tuhiwai,,,,1984-05-26,F,109831560,,10 Albert Avenue,,Auckland,1011,victoria43@gmail.com,victoria43@gmail.com,0297979922; 098907149,Active,2012-10-31,true,Low,false,3,22889.09,0.00,Everyday; Insurance,true,false,1,T:00403289,T:00403289,T:00403289,
T:00403319,PERSON,Luca Hughes,Luca,,Hughes,,,,1982-09-07,M,127780974,,236 Church Terrace,Frankton,Hamilton,3204,,,0274177166,Dormant,2012-08-12,false,Low,false,3,21581.54,764471.28,Everyday; Home Loan; Personal Loan; Savings,true,false,1,T:00403319,T:00403319,T:00403319,
T:00403347,PERSON,Ethan Harris,Ethan,,Harris,,,,1987-01-19,M,116654547,,9 Manuka Street,Hillcrest,Hamilton,3216,ethan92@gmail.com,ethan92@gmail.com,0292011280; 075353093,Dormant,2005-07-12,true,Low,false,2,19989.70,709876.19,Everyday; Home Loan; Personal Loan; Term Deposit,true,false,1,T:00403347,T:00403347,T:00403347,
T:00403361,PERSON,Benjamin Martin,Benjamin,,Martin,,,,1944-10-23,M,137840252,,111 Park Avenue,Hillcrest,Hamilton,3216,benjamin46@hotmail.com,benjamin46@hotmail.com,0273128314,Active,2017-07-11,true,Low,false,3,2360.25,554779.10,Home Loan; Insurance; Personal Loan,true,false,1,T:00403361,T:00403361,T:00403361,
T:00403378,PERSON,Tevita Taylor,Tevita,,Taylor,,,,1942-05-09,M,107627631,,18 Queen Avenue,Merivale,Christchurch,8014,,,0298241382; 034012199,Active,2004-07-21,true,Low,false,3,11199.84,0.00,Everyday; Savings; Term Deposit,true,false,1,T:00403378,T:00403378,T:00403378,
T:00403379,PERSON,Jack Pohatu,Jack,,Pohatu,,,,1965-08-24,M,108051503,,205 Church Place,Sumner,Christchurch,8081,jack64@hotmail.com,jack64@hotmail.com,036453643,Active,2004-10-09,true,Low,false,4,6668.32,223239.46,Home Loan; Insurance,true,false,1,T:00403379,T:00403379,T:00403379,
T:00403391,PERSON,Mei Faleolo,Mei,,Faleolo,,,,1984-05-14,F,127268219,,166 Matai Drive,St Clair,Dunedin,9012,,,0277771012,Active,2012-04-25,false,Low,false,4,11934.37,577809.12,Credit Card; Home Loan; Savings,true,false,1,T:00403391,T:00403391,T:00403391,
T:00403421,PERSON,Sione L Stewart,Sione,L,Stewart,,,,2001-08-20,M,113786172,,189 Beach Crescent,Onehunga,Auckland,1061,,,0298591123,Active,2011-08-10,false,Low,false,1,16213.71,0.00,Savings; Term Deposit,true,false,1,T:00403421,T:00403421,T:00403421,
T:00403428,PERSON,Ananya A White,Ananya,A,White,,,,1982-04-20,F,122876233,,123 Clyde Drive,Roslyn,Dunedin,9010,ananya37@xtra.co.nz,ananya37@xtra.co.nz,0292582173; 039873153,Active,1999-02-20,false,Medium,false,3,11350.04,182931.07,Home Loan; Term Deposit,true,false,1,T:00403428,T:00403428,T:00403428,
T:00403447,PERSON,Isla Te Rangi,Isla,,Te Rangi,,,,1956-02-29,F,116326348,,15 Marine Place,Remuera,Auckland,1050,isla24@gmail.com,isla24@gmail.com,0276492030,Active,1996-06-09,true,High,false,5,52596.56,806732.95,Everyday; Savings,true,false,2,T:00403447,T:00403447,T:00403447; T:00404576,
T:00403461,PERSON,Jess Wilson,Jess,,Wilson,,,,1965-07-11,F,101554431,,20 Harbour Avenue,St Clair,Dunedin,9012,,,0216138028; 034176538,Active,1990-05-30,true,Low,false,4,663.50,561210.54,Credit Card; Home Loan,true,false,1,T:00403461,T:00403461,T:00403461,
T:00403480,PERSON,Chloe O'brien,Chloe,,O'brien,,,,1956-07-30,F,117736352,,72 Church Street,Roslyn,Dunedin,9010,,,0222114728; 037235411,Active,2019-06-08,true,Medium,false,3,21725.95,0.00,Personal Loan; Savings,true,false,1,T:00403480,T:00403480,T:00403480,
T:00403504,PERSON,Noah Wang,Noah,,Wang,,,,1989-10-16,M,112690238,,16 Marine Road,Otumoetai,Tauranga,3110,noah39@xtra.co.nz,noah39@xtra.co.nz,0223875993,Active,1992-09-10,true,Low,false,1,46887.11,619404.13,Everyday; Home Loan; Insurance; Savings,true,false,1,T:00403504,T:00403504,T:00403504,
T:00403511,PERSON,Fiona Smith,Fiona,,Smith,,,,1958-01-31,F,,,215 Queen Drive,Remuera,Auckland,1050,fiona45@gmail.com,fiona45@gmail.com,0278919637; 093804693,Active,2010-10-29,true,Low,false,4,31117.98,377081.86,Credit Card; Home Loan; Savings,true,false,1,T:00403511,T:00403511,T:00403511,
T:00403541,PERSON,Amelia J Singh,Amelia,J,Singh,,,,1940-04-05,F,123332717,,208 Queen Terrace,,Christchurch,8081,,,0279609952; 039305378,Active,2010-10-16,true,High,true,4,3310.29,782522.56,Home Loan; Insurance; Personal Loan,true,false,1,T:00403541,T:00403541,T:00403541,
T:00403547,PERSON,Andrew J Johansson,Andrew,J,Johansson,,,,2007-08-10,M,113525640,,106 Nikau Place,Mount Maunganui,Tauranga,3116,,,0222097761,Active,2023-10-09,false,Low,true,3,8697.09,189208.92,Credit Card; Home Loan,true,false,1,T:00403547,T:00403547,T:00403547,
T:00403548,PERSON,Elizabeth P Singh,Elizabeth,P,Singh,,,,1961-02-05,F,103764476,,3 Nikau Street,Chartwell,Hamilton,3210,,,0221286745; 048499915,Active,1992-01-17,true,High,false,4,3697.47,0.00,Credit Card; Everyday; Insurance,true,false,1,T:00403548,T:00403548,T:00403548,
T:00403550,PERSON,Sue Steawrt,Sue,,Steawrt,,,,1969-04-24,F,134361757,,33 Great North Drive,St Clair,Dunedin,9012,sue52@hotmail.com,sue52@hotmail.com,032226222,Dormant,2013-08-19,true,Low,false,3,159768.21,0.00,Everyday; Insurance; Personal Loan,true,false,1,T:00403550,T:00403550,T:00403550,
T:00403576,PERSON,Andrew J Ngata,Andrew,J,Ngata,,,,1996-12-29,M,139142973,,96 Harbour Terrace,Johnsonville,Wellington,6037,,,,Active,2022-09-02,false,Low,false,3,8551.88,0.00,Insurance; Savings,true,false,1,T:00403576,T:00403576,T:00403576,
T:00403593,PERSON,Susan L Mitchell,Susan,L,Mitchell,,,,1946-10-05,F,101196273,,2 Hill Street,Johnsonville,Wellington,6037,,,0219375166; 076118097,Active,2008-11-18,true,Medium,false,1,17636.01,0.00,Everyday; Personal Loan,true,false,1,T:00403593,T:00403593,T:00403593,
T:00403611,PERSON,Oliver Parata,Oliver,,Parata,,,,1944-03-28,M,113850550,,116 Park Avenue,Halswell,Christchurch,8025,oliver68@gmail.com,oliver68@gmail.com,037437801,Active,2006-09-14,false,Medium,false,1,31444.51,0.00,Insurance; Personal Loan; Savings,true,false,1,T:00403611,T:00403611,T:00403611,
T:00403632,PERSON,Mateo Clarke,Mateo,,Clarke,,,,1960-05-17,M,135914099,,102 Pohutukawa Terrace,Ponsonby,Auckland,1011,mateo33@xtra.co.nz,mateo33@xtra.co.nz,0272847437,Active,2023-04-11,true,Low,false,1,8867.53,0.00,Personal Loan; Term Deposit,true,false,1,T:00403632,T:00403632,T:00403632,
T:00403639,PERSON,Tane M Reid,Tane,M,Reid,,,,1956-08-29,M,115074105,,48 Hill Terrace,Riccarton,Christchurch,8011,,,0218901323; 038936176,Active,2007-08-16,true,Low,false,3,36085.17,0.00,Insurance; Term Deposit,true,false,1,T:00403639,T:00403639,T:00403639,
T:00403666,PERSON,James L Rossi,James,L,Rossi,,,,1984-10-21,M,136253588,,169 Church Drive,Chartwell,Hamilton,3210,,,0275536767; 078317785,Active,2013-01-16,true,Low,false,2,3966.16,557900.43,Home Loan; Insurance; Term Deposit,true,false,1,T:00403666,T:00403666,T:00403666,
T:00403693,PERSON,Joshua L Young,Joshua,L,Young,,,,1978-03-29,M,108695004,,"Unit 4, 174 Kauri Avenue",Otumoetai,Tauranga,3110,,,0226238566; 074913770,Active,2020-04-15,true,High,false,2,46954.67,0.00,Everyday; Personal Loan; Term Deposit,true,false,1,T:00403693,T:00403693,T:00403693,
T:00403712,PERSON,Jennifer Harris,Jennifer,,Harris,,,,1960-11-22,F,121169676,,210 Marine Avenue,Sumner,Christchurch,8081,,,0222001112,Active,1994-01-26,true,Low,false,2,14992.95,0.00,Everyday; Personal Loan; Savings,true,false,1,T:00403712,T:00403712,T:00403712,
T:00403731,PERSON,Grace Te Rangi,Grace,,Te Rangi,,,,1946-01-16,F,135531719,,152 Kauri Drive,Ponsonby,Auckland,1011,grace15@gmail.com,grace15@gmail.com,0212311298,Active,2024-05-29,true,Low,false,2,3764.29,592890.05,Credit Card; Home Loan; Personal Loan; Savings,true,false,1,T:00403731,T:00403731,T:00403731,
T:00403753,PERSON,C Allum K O'brien,C,Allum K,O'brien,,,,1993-09-13,M,135966759,,123 Harbour Street,Mornington,Dunedin,9011,,,0271680442,Active,2007-07-09,true,Medium,false,2,88921.72,0.00,Credit Card; Everyday; Insurance,true,false,1,T:00403753,T:00403753,T:00403753,
T:00403768,PERSON,Anthony A Van Der Berg,Anthony,A,Van Der Berg,,,,2005-11-03,M,121200780,,"Unit 2, 230 Hill Place",Merivale,Christchurch,8014,anthony71@hotmail.com,anthony71@hotmail.com,0278348220; 037965818,Active,2017-10-24,true,Low,false,1,10140.16,0.00,Insurance,true,false,1,T:00403768,T:00403768,T:00403768,
T:00403769,PERSON,Benjamin J Kennedy,Benjamin,J,Kennedy,,,,1972-10-24,M,101971815,,"Unit 9, 73 Kauri Avenue",Johnsonville,Wellington,6037,benjamin41@hotmail.com,benjamin41@hotmail.com,0293570103,Active,2004-10-07,true,Low,false,4,12794.66,0.00,Insurance; Term Deposit,true,false,1,T:00403769,T:00403769,T:00403769,
T:00403796,PERSON,Anthony Wang,Anthony,,Wang,,,,1981-07-14,M,103532277,,72 Hill Avenue,,Dunedin,9012,,,0294855252; 037888057,Active,2007-09-11,true,Low,false,4,4039.48,0.00,Credit Card; Savings,true,false,1,T:00403796,T:00403796,T:00403796,
T:00403803,PERSON,Anna Macleod,Anna,,Macleod,,,,1984-06-29,F,,,155 Pohutukawa Drive,Johnsonville,Wellington,6037,,,0276814084,Active,1992-03-18,true,Low,false,1,94269.61,0.00,Everyday; Term Deposit,true,false,1,T:00403803,T:00403803,T:00403803,
T:00403833,PERSON,Rebecca G Zhang,Rebecca,G,Zhang,,,,1964-05-08,F,122665561,,65 Pohutukawa Road,Miramar,Wellington,6022,,,0229159202; 075173352,Active,2000-09-26,true,Medium,false,4,5918.83,0.00,Everyday; Insurance; Savings,true,false,1,T:00403833,T:00403833,T:00403833,
T:00403834,PERSON,L Jen J Campbel,L,Jen J,Campbel,,,,1997-11-12,F,126927908,,35 Nikau Terrace,Chartwell,Hamilton,3210,,,074577447,Dormant,2017-07-11,false,Low,false,1,3816.86,0.00,Credit Card,true,false,1,T:00403834,T:00403834,T:00403834,
T:00403846,PERSON,Rawiri K Thompson,Rawiri,K,Thompson,,,,1990-09-24,M,128932923,,10 Manuka Road,Onehunga,Auckland,1061,rawiri30@hotmail.com,rawiri30@hotmail.com,0228546810,Active,2003-05-21,true,Low,false,1,683.30,0.00,Everyday; Term Deposit,true,false,1,T:00403846,T:00403846,T:00403846,
T:00403853,PERSON,Ethan O'brien,Ethan,,O'brien,,,,1944-09-21,M,127972106,,"Unit 5, 160 Matai Place",Papatoetoe,Auckland,2025,ethan48@hotmail.com,ethan48@hotmail.com,0293540259; 078249648,Active,2013-03-20,true,Low,false,2,81891.16,0.00,Everyday; Term Deposit,true,false,1,T:00403853,T:00403853,T:00403853,
T:00403868,PERSON,Chris Patel,Chris,,Patel,,,,1988-09-07,M,,,"Unit 6, 227 Clyde Drive",Frankton,Hamilton,3204,,,0297793392; 074176069,Active,2023-02-20,true,Low,false,4,1820.74,730094.85,Everyday; Home Loan; Savings,true,false,1,T:00403868,T:00403868,T:00403868,
T:00403884,PERSON,Tony Anderson,Tony,,Anderson,,,,2002-05-03,M,124088080,,3 Seaview Drive,Riccarton,Christchurch,8011,,,0219885116,Active,1998-05-20,false,High,false,2,1082.33,0.00,Credit Card; Everyday; Insurance,true,false,1,T:00403884,T:00403884,T:00403884,
T:00403903,PERSON,Robert White,Robert,,White,,,,1958-05-23,M,131678287,,150 Park Place,,Dunedin,9012,,,0215653831,Active,2012-01-25,false,High,false,2,42792.21,0.00,Insurance; Savings,true,false,1,T:00403903,T:00403903,T:00403903,
T:00403929,PERSON,Jun Johansson,Jun,,Johansson,,,,1960-03-13,M,102476164,,207 Beach Place,Henderson,Auckland,0612,,,0218270731,Active,2008-09-03,true,Low,false,3,7888.75,0.00,Credit Card; Insurance; Personal Loan,true,false,1,T:00403929,T:00403929,T:00403929,
T:00403931,PERSON,Callum Murray,Callum,,Murray,,,,1963-05-24,M,115837715,,224 Harbour Crescent,Remuera,Auckland,1050,callum14@gmail.com,callum14@gmail.com,0221951889,Active,2020-06-27,true,Low,false,4,8936.85,0.00,Personal Loan,true,false,1,T:00403931,T:00403931,T:00403931,
T:00403958,PERSON,Hannah Reid,Hannah,,Reid,,,,1991-03-03,F,127665582,,137 Totara Avenue,Papanui,Christchurch,8053,,,0297238055,Active,2000-01-09,true,High,false,1,211.65,0.00,Insurance,true,false,1,T:00403958,T:00403958,T:00403958,
T:00403974,PERSON,Dan Scott,Dan,,Scott,,,,1957-03-24,M,124791682,,49 Kowhai Place,Newtown,Wellington,6021,dan80@hotmail.com,dan80@hotmail.com,0222062059,Active,2013-08-04,true,Low,false,2,13137.68,0.00,Credit Card; Personal Loan; Savings,true,false,1,T:00403974,T:00403974,T:00403974,
T:00404230,BUSINESS,Pounamu Design Studio Ltd,,,,Pounamu Design Studio Ltd,,,,,138391328,,245 Station Terrace,Chartwell,Hamilton,3210,,,0224219477; 075459272,Active,1992-07-22,false,Medium,false,5,355640.82,0.00,Business Credit Card; Business Everyday; Overdraft,true,false,1,T:00404230,T:00404230,T:00404230,
T:00404236,BUSINESS,Cascade Irrigation Ltd,,,,Cascade Irrigation Ltd,,,,,131165065,9429207279115,240 Park Avenue,Frankton,Hamilton,3204,,,0297653196; 079995676,Active,2008-04-09,false,High,false,6,73915.62,80000.00,Business Everyday; Term Deposit,true,false,1,T:00404236,T:00404236,T:00404236,
T:00404259,BUSINESS,Whitebait Creek Holdings Ltd,,,,Whitebait Creek Holdings Ltd,,,,,103165640,,81 Harbour Drive,St Clair,Dunedin,9012,,,0275456258; 038961672,Active,2001-11-06,true,Low,false,6,54677.70,1500000.00,Business Everyday; Business Savings; Equipment Finance; Merchant Services,true,false,1,T:00404259,T:00404259,T:00404259,
T:00404286,BUSINESS,Harbour Lights Pharmacy,,,,Harbour Lights Pharmacy,,,,,106859917,,95 Clyde Terrace,Frankton,Hamilton,3204,,,072738224,Active,1990-06-14,false,Medium,false,3,127200.78,0.00,Business Credit Card; Business Savings,true,false,1,T:00404286,T:00404286,T:00404286,
T:00404302,BUSINESS,Silver Birch Retirement Village Ltd,,,,Silver Birch Retirement Village Ltd,,,,,115644170,,145 Ranui Drive,Halswell,Christchurch,8025,,,036987353,Active,2011-01-06,true,Low,false,2,30499.08,1500000.00,Overdraft,true,false,1,T:00404302,T:00404302,T:00404302,
T:00404316,BUSINESS,Totara Tree Care Ltd,,,,Totara Tree Care Ltd,,,,,104400292,9429347567187,83 Manuka Road,Otumoetai,Tauranga,3110,,,073073937,Active,1992-08-15,true,Medium,false,3,24703.44,300000.00,Business Credit Card; Term Deposit,true,false,1,T:00404316,T:00404316,T:00404316,
T:00404339,BUSINESS,Sunrise Childcare Centre Ltd,,,,Sunrise Childcare Centre Ltd,,,,,105460715,,222 Clyde Road,Ponsonby,Auckland,1011,,,092732253,Active,2020-04-30,true,Medium,false,6,385826.82,0.00,Business Credit Card; Equipment Finance,true,false,1,T:00404339,T:00404339,T:00404339,
T:00404355,BUSINESS,Blue Penguin Tours Limited,,,,Blue Penguin Tours Limited,,,,,121583997,9429934289726,213 Hill Crescent,Chartwell,Hamilton,3210,,,072274358,Active,2024-06-29,true,Medium,false,4,72993.90,1500000.00,Business Credit Card; Overdraft; Term Deposit,true,false,1,T:00404355,T:00404355,T:00404355,
T:00404358,BUSINESS,Alpine Ski Hire,,,,Alpine Ski Hire,,,,,,,179 Nikau Street,Johnsonville,Wellington,6037,,,044026655,Active,2012-05-03,false,Low,false,4,109533.96,300000.00,Merchant Services; Overdraft; Term Deposit,true,false,1,T:00404358,T:00404358,T:00404358,
T:00404384,BUSINESS,Kaha Fitness,,,,Kaha Fitness,,,,,132306328,,23 Tui Place,Riccarton,Christchurch,8011,,,032734172,Active,2004-04-06,false,High,false,4,6455.40,300000.00,Business Everyday,true,false,1,T:00404384,T:00404384,T:00404384,
T:00404396,BUSINESS,Mahi Recruitment Ltd,,,,Mahi Recruitment Ltd,,,,,129966424,9429766224268,42 Queen Avenue,Halswell,Christchurch,8025,,,036727257,Active,2010-09-15,false,Medium,false,6,3797.10,0.00,Business Credit Card; Business Everyday; Business Savings,true,false,1,T:00404396,T:00404396,T:00404396,
T:00404409,BUSINESS,Wharf Street Motors Ltd,,,,Wharf Street Motors Ltd,,,,,,9429550871800,17 Kereru Terrace,Otumoetai,Tauranga,3110,,,073743648,Active,1996-05-11,false,Medium,false,2,86841.18,0.00,Business Credit Card; Business Savings; Equipment Finance,true,false,1,T:00404409,T:00404409,T:00404409,
T:00404418,BUSINESS,Karaka Organics Limited,,,,Karaka Organics Limited,,,,,133838277,,114 Harbour Road,Otumoetai,Tauranga,3110,,,072655314,Active,2003-06-01,false,Low,false,2,633239.88,0.00,Equipment Finance,true,false,1,T:00404418,T:00404418,T:00404418,
T:00404421,BUSINESS,Southern Lights Electrical Ltd,,,,Southern Lights Electrical Ltd,,,,,110347190,9429362879381,77 Rata Street,Kelburn,Wellington,6012,,,0227391596; 047978785,Active,2009-04-07,true,Medium,false,4,112358.52,300000.00,Business Credit Card; Equipment Finance; Term Deposit,true,false,1,T:00404421,T:00404421,T:00404421,
T:00404433,BUSINESS,Pipi Beach Holiday Park Ltd,,,,Pipi Beach Holiday Park Ltd,,,,,115423677,,45 Kauri Street,Papatoetoe,Auckland,2025,,,098343774,Active,2005-07-13,true,Medium,false,1,66207.78,300000.00,Merchant Services,true,false,1,T:00404433,T:00404433,T:00404433,
T:00404452,BUSINESS,Mountain View Orchards,,,,Mountain View Orchards,,,,,,9429383915699,20 Seaview Avenue,Karori,Wellington,6012,,,044949343,Active,2019-07-02,true,Medium,false,4,74844.30,80000.00,Overdraft,true,false,1,T:00404452,T:00404452,T:00404452,
T:00404469,BUSINESS,Takahē Logistics Ltd,,,,Takahē Logistics Ltd,,,,,115253326,,138 Victoria Crescent,Papamoa,Tauranga,3118,,,0214206330; 076969937,Active,1995-09-21,true,Medium,false,1,26207.70,300000.00,Business Credit Card; Overdraft,true,false,1,T:00404469,T:00404469,T:00404469,
T:00404497,BUSINESS,Ōtautahi Print Co Limited,,,,Ōtautahi Print Co Limited,,,,,,,93 Albert Drive,Newtown,Wellington,6021,,,049169103,Active,2001-04-21,true,High,false,3,33464.46,0.00,Business Savings; Merchant Services; Overdraft; Term Deposit,true,false,1,T:00404497,T:00404497,T:00404497,
T:00404517,BUSINESS,Moa Hunter Outdoor Ltd,,,,Moa Hunter Outdoor Ltd,,,,,,,85 Pohutukawa Place,Papamoa,Tauranga,3118,,,077692552,Active,2025-04-21,true,High,false,2,138751.68,300000.00,Merchant Services,true,false,1,T:00404517,T:00404517,T:00404517,
T:00404532,BUSINESS,Kiwi Coast Seafoods,,,,Kiwi Coast Seafoods,,,,,133596897,,54 Albert Place,Mornington,Dunedin,9011,,,0224003906; 035259979,Active,2014-04-18,false,Medium,false,3,9479.22,0.00,Business Credit Card; Business Savings; Overdraft,true,false,1,T:00404532,T:00404532,T:00404532,
